tick,agent,type,unit,target_x,target_y,target_unit,building_type,mine,base
1,0,BUILD,1,64,19,-1,BASE,-1,-1
1,1,BUILD,0,10,18,-1,BASE,-1,-1
23,0,TRAIN,4,0,0,-1,PAWN,-1,-1
23,0,BUILD,1,66,24,-1,BARRACKS,-1,-1
27,0,TRAIN,4,0,0,-1,PAWN,-1,-1
27,0,GATHER,7,0,0,-1,,3,4
31,0,GATHER,8,0,0,-1,,3,4
43,1,TRAIN,5,0,0,-1,PAWN,-1,-1
43,1,BUILD,0,8,26,-1,ARCHERY,-1,-1
47,1,TRAIN,5,0,0,-1,PAWN,-1,-1
47,1,GATHER,10,0,0,-1,,2,5
51,0,TRAIN,4,0,0,-1,PAWN,-1,-1
51,1,TRAIN,5,0,0,-1,PAWN,-1,-1
51,1,GATHER,11,0,0,-1,,2,5
55,0,TRAIN,4,0,0,-1,PAWN,-1,-1
55,0,GATHER,12,0,0,-1,,3,4
55,1,GATHER,13,0,0,-1,,2,5
59,0,GATHER,14,0,0,-1,,3,4
66,0,TRAIN,4,0,0,-1,PAWN,-1,-1
66,0,GATHER,1,0,0,-1,,3,4
68,1,TRAIN,5,0,0,-1,PAWN,-1,-1
70,0,GATHER,15,0,0,-1,,3,4
72,1,GATHER,16,0,0,-1,,2,5
79,0,TRAIN,6,0,0,-1,WARRIOR,-1,-1
97,0,BUILD,1,71,16,-1,ARCHERY,-1,-1
98,1,BUILD,0,23,23,-1,MONASTERY,-1,-1
98,1,TRAIN,9,0,0,-1,ARCHER,-1,-1
106,1,TRAIN,9,0,0,-1,ARCHER,-1,-1
114,1,TRAIN,9,0,0,-1,ARCHER,-1,-1
122,1,TRAIN,9,0,0,-1,ARCHER,-1,-1
130,1,TRAIN,9,0,0,-1,ARCHER,-1,-1
138,1,TRAIN,9,0,0,-1,ARCHER,-1,-1
146,1,TRAIN,9,0,0,-1,ARCHER,-1,-1
151,0,BUILD,1,64,11,-1,MONASTERY,-1,-1
151,0,TRAIN,18,0,0,-1,ARCHER,-1,-1
154,1,TRAIN,9,0,0,-1,ARCHER,-1,-1
162,1,TRAIN,9,0,0,-1,ARCHER,-1,-1
162,1,ATTACK,20,0,0,17,,-1,-1
162,1,ATTACK,21,0,0,28,,-1,-1
162,1,ATTACK,22,0,0,7,,-1,-1
162,1,ATTACK,23,0,0,15,,-1,-1
162,1,ATTACK,24,0,0,8,,-1,-1
162,1,ATTACK,25,0,0,14,,-1,-1
162,1,ATTACK,27,0,0,12,,-1,-1
162,1,ATTACK,29,0,0,1,,-1,-1
163,1,GATHER,0,0,0,-1,,2,5
163,1,TRAIN,19,0,0,-1,MONK,-1,-1
170,1,TRAIN,9,0,0,-1,ARCHER,-1,-1
170,1,ATTACK,30,0,0,17,,-1,-1
173,1,TRAIN,19,0,0,-1,MONK,-1,-1
178,1,TRAIN,9,0,0,-1,ARCHER,-1,-1
178,1,ATTACK,32,0,0,17,,-1,-1
186,1,TRAIN,9,0,0,-1,ARCHER,-1,-1
186,1,ATTACK,34,0,0,17,,-1,-1
194,1,TRAIN,9,0,0,-1,ARCHER,-1,-1
194,1,ATTACK,35,0,0,17,,-1,-1
196,0,GATHER,1,0,0,-1,,3,4
196,0,TRAIN,26,0,0,-1,MONK,-1,-1
196,0,TRAIN,6,0,0,-1,WARRIOR,-1,-1
196,0,TRAIN,18,0,0,-1,ARCHER,-1,-1
199,0,TRAIN,4,0,0,-1,PAWN,-1,-1
199,1,ATTACK,21,0,0,7,,-1,-1
199,1,ATTACK,25,0,0,8,,-1,-1
199,1,ATTACK,27,0,0,15,,-1,-1
199,1,ATTACK,29,0,0,7,,-1,-1
202,0,ATTACK,28,0,0,23,,-1,-1
202,1,TRAIN,9,0,0,-1,ARCHER,-1,-1
202,1,ATTACK,36,0,0,17,,-1,-1
202,1,ATTACK,22,0,0,8,,-1,-1
202,1,ATTACK,29,0,0,15,,-1,-1
203,0,TRAIN,4,0,0,-1,PAWN,-1,-1
203,0,GATHER,37,0,0,-1,,3,4
203,1,ATTACK,21,0,0,14,,-1,-1
203,1,ATTACK,24,0,0,1,,-1,-1
203,1,ATTACK,25,0,0,37,,-1,-1
203,1,ATTACK,27,0,0,26,,-1,-1
203,1,ATTACK,29,0,0,14,,-1,-1
204,0,ATTACK,17,0,0,20,,-1,-1
204,0,ATTACK,38,0,0,23,,-1,-1
204,1,ATTACK,22,0,0,14,,-1,-1
204,1,ATTACK,23,0,0,1,,-1,-1
206,0,HEAL,39,0,0,17,,-1,-1
206,1,HEAL,31,0,0,23,,-1,-1
206,1,HEAL,33,0,0,23,,-1,-1
207,0,TRAIN,4,0,0,-1,PAWN,-1,-1
207,0,GATHER,40,0,0,-1,,3,4
207,1,ATTACK,29,0,0,1,,-1,-1
208,1,ATTACK,21,0,0,1,,-1,-1
208,1,ATTACK,22,0,0,37,,-1,-1
209,1,ATTACK,21,0,0,39,,-1,-1
209,1,ATTACK,23,0,0,40,,-1,-1
209,1,ATTACK,24,0,0,4,,-1,-1
209,1,ATTACK,29,0,0,26,,-1,-1
209,1,ATTACK,30,0,0,40,,-1,-1
210,0,TRAIN,6,0,0,-1,WARRIOR,-1,-1
210,0,ATTACK,41,0,0,20,,-1,-1
210,1,TRAIN,9,0,0,-1,ARCHER,-1,-1
210,1,ATTACK,22,0,0,40,,-1,-1
210,1,ATTACK,25,0,0,39,,-1,-1
210,0,TRAIN,18,0,0,-1,ARCHER,-1,-1
210,0,TRAIN,26,0,0,-1,MONK,-1,-1
211,0,TRAIN,4,0,0,-1,PAWN,-1,-1
211,0,GATHER,43,0,0,-1,,3,4
213,1,ATTACK,30,0,0,43,,-1,-1
214,1,ATTACK,22,0,0,39,,-1,-1
214,1,ATTACK,23,0,0,43,,-1,-1
215,0,TRAIN,4,0,0,-1,PAWN,-1,-1
215,0,GATHER,44,0,0,-1,,3,4
217,1,ATTACK,32,0,0,44,,-1,-1
218,0,TRAIN,18,0,0,-1,ARCHER,-1,-1
218,0,ATTACK,46,0,0,23,,-1,-1
218,1,TRAIN,9,0,0,-1,ARCHER,-1,-1
218,1,ATTACK,23,0,0,39,,-1,-1
218,1,ATTACK,30,0,0,44,,-1,-1
219,0,TRAIN,4,0,0,-1,PAWN,-1,-1
219,0,GATHER,47,0,0,-1,,3,4
219,0,ATTACK,41,0,0,24,,-1,-1
219,0,ATTACK,17,0,0,24,,-1,-1
219,0,ATTACK,38,0,0,24,,-1,-1
219,0,ATTACK,46,0,0,24,,-1,-1
219,1,ATTACK,21,0,0,44,,-1,-1
219,1,ATTACK,22,0,0,47,,-1,-1
219,1,ATTACK,25,0,0,26,,-1,-1
220,0,TRAIN,26,0,0,-1,MONK,-1,-1
220,0,HEAL,48,0,0,17,,-1,-1
220,0,ATTACK,28,0,0,24,,-1,-1
222,1,ATTACK,30,0,0,47,,-1,-1
222,1,ATTACK,32,0,0,17,,-1,-1
222,1,HEAL,31,0,0,24,,-1,-1
222,1,HEAL,33,0,0,24,,-1,-1
223,0,TRAIN,4,0,0,-1,PAWN,-1,-1
223,0,GATHER,49,0,0,-1,,3,4
223,1,ATTACK,21,0,0,48,,-1,-1
224,0,TRAIN,6,0,0,-1,WARRIOR,-1,-1
224,0,ATTACK,50,0,0,24,,-1,-1
225,1,ATTACK,22,0,0,46,,-1,-1
225,1,ATTACK,30,0,0,17,,-1,-1
225,1,ATTACK,34,0,0,49,,-1,-1
226,0,TRAIN,18,0,0,-1,ARCHER,-1,-1
226,0,ATTACK,52,0,0,24,,-1,-1
226,1,TRAIN,9,0,0,-1,ARCHER,-1,-1
227,0,GATHER,53,0,0,-1,,3,4
228,0,HEAL,48,0,0,17,,-1,-1
229,0,HEAL,48,0,0,17,,-1,-1
230,0,HEAL,48,0,0,17,,-1,-1
230,0,HEAL,54,0,0,17,,-1,-1
230,0,ATTACK,46,0,0,22,,-1,-1
230,0,ATTACK,41,0,0,22,,-1,-1
230,0,ATTACK,17,0,0,22,,-1,-1
230,0,ATTACK,50,0,0,35,,-1,-1
230,0,ATTACK,38,0,0,22,,-1,-1
230,0,ATTACK,52,0,0,22,,-1,-1
230,0,ATTACK,28,0,0,22,,-1,-1
231,0,HEAL,48,0,0,46,,-1,-1
232,0,HEAL,48,0,0,17,,-1,-1
232,1,HEAL,31,0,0,22,,-1,-1
232,1,HEAL,33,0,0,22,,-1,-1
233,0,HEAL,48,0,0,17,,-1,-1
234,0,HEAL,48,0,0,17,,-1,-1
234,0,ATTACK,56,0,0,22,,-1,-1
234,1,TRAIN,9,0,0,-1,ARCHER,-1,-1
236,0,HEAL,48,0,0,46,,-1,-1
236,0,HEAL,54,0,0,46,,-1,-1
236,0,ATTACK,52,0,0,21,,-1,-1
236,0,ATTACK,46,0,0,21,,-1,-1
236,0,ATTACK,41,0,0,21,,-1,-1
236,0,ATTACK,56,0,0,21,,-1,-1
237,0,HEAL,48,0,0,17,,-1,-1
237,0,HEAL,54,0,0,17,,-1,-1
237,0,ATTACK,38,0,0,21,,-1,-1
237,0,ATTACK,28,0,0,21,,-1,-1
237,0,ATTACK,17,0,0,21,,-1,-1
238,0,MOVE,48,62,19,-1,,-1,-1
238,0,MOVE,54,62,19,-1,,-1,-1
238,0,ATTACK,57,0,0,35,,-1,-1
238,1,HEAL,31,0,0,21,,-1,-1
238,1,HEAL,33,0,0,21,,-1,-1
239,0,HEAL,48,0,0,50,,-1,-1
239,0,HEAL,54,0,0,50,,-1,-1
242,0,ATTACK,52,0,0,27,,-1,-1
242,0,ATTACK,46,0,0,27,,-1,-1
242,0,ATTACK,56,0,0,27,,-1,-1
242,1,TRAIN,9,0,0,-1,ARCHER,-1,-1
243,0,ATTACK,38,0,0,27,,-1,-1
243,0,ATTACK,28,0,0,27,,-1,-1
243,0,ATTACK,41,0,0,27,,-1,-1
243,0,ATTACK,17,0,0,27,,-1,-1
243,1,HEAL,31,0,0,35,,-1,-1
243,1,HEAL,33,0,0,35,,-1,-1
248,0,ATTACK,38,0,0,25,,-1,-1
248,0,ATTACK,52,0,0,25,,-1,-1
248,0,ATTACK,46,0,0,25,,-1,-1
248,0,ATTACK,56,0,0,25,,-1,-1
248,0,ATTACK,41,0,0,25,,-1,-1
249,0,TRAIN,4,0,0,-1,PAWN,-1,-1
249,0,ATTACK,28,0,0,25,,-1,-1
249,0,ATTACK,17,0,0,25,,-1,-1
250,0,ATTACK,57,0,0,36,,-1,-1
250,0,ATTACK,50,0,0,36,,-1,-1
250,1,TRAIN,9,0,0,-1,ARCHER,-1,-1
251,1,HEAL,31,0,0,25,,-1,-1
251,1,HEAL,33,0,0,25,,-1,-1
253,0,GATHER,60,0,0,-1,,3,4
254,0,TRAIN,4,0,0,-1,PAWN,-1,-1
254,0,HEAL,48,0,0,17,,-1,-1
254,0,ATTACK,52,0,0,29,,-1,-1
254,0,ATTACK,46,0,0,29,,-1,-1
254,0,ATTACK,56,0,0,29,,-1,-1
255,0,ATTACK,38,0,0,29,,-1,-1
255,0,ATTACK,28,0,0,29,,-1,-1
255,0,ATTACK,41,0,0,29,,-1,-1
255,0,ATTACK,17,0,0,29,,-1,-1
256,1,HEAL,31,0,0,29,,-1,-1
256,1,HEAL,33,0,0,29,,-1,-1
258,0,GATHER,61,0,0,-1,,3,4
258,0,HEAL,54,0,0,17,,-1,-1
258,1,TRAIN,9,0,0,-1,ARCHER,-1,-1
259,0,ATTACK,52,0,0,36,,-1,-1
259,0,ATTACK,46,0,0,36,,-1,-1
259,0,ATTACK,56,0,0,36,,-1,-1
260,0,TRAIN,4,0,0,-1,PAWN,-1,-1
260,0,ATTACK,28,0,0,36,,-1,-1
260,0,ATTACK,41,0,0,30,,-1,-1
260,0,ATTACK,17,0,0,36,,-1,-1
260,0,ATTACK,38,0,0,36,,-1,-1
260,1,HEAL,31,0,0,36,,-1,-1
260,1,HEAL,33,0,0,36,,-1,-1
263,0,HEAL,48,0,0,17,,-1,-1
263,0,ATTACK,57,0,0,30,,-1,-1
263,0,ATTACK,52,0,0,30,,-1,-1
263,0,ATTACK,56,0,0,30,,-1,-1
264,0,GATHER,63,0,0,-1,,3,4
264,0,ATTACK,17,0,0,30,,-1,-1
264,0,ATTACK,50,0,0,30,,-1,-1
264,0,ATTACK,38,0,0,30,,-1,-1
264,0,ATTACK,28,0,0,30,,-1,-1
264,0,ATTACK,46,0,0,30,,-1,-1
266,1,TRAIN,9,0,0,-1,ARCHER,-1,-1
266,1,HEAL,31,0,0,30,,-1,-1
266,1,HEAL,33,0,0,30,,-1,-1
269,0,TRAIN,4,0,0,-1,PAWN,-1,-1
270,0,ATTACK,52,0,0,32,,-1,-1
270,0,ATTACK,57,0,0,32,,-1,-1
270,0,ATTACK,50,0,0,32,,-1,-1
270,0,ATTACK,46,0,0,32,,-1,-1
270,0,ATTACK,56,0,0,32,,-1,-1
271,0,MOVE,48,57,20,-1,,-1,-1
271,0,ATTACK,38,0,0,32,,-1,-1
271,0,ATTACK,41,0,0,32,,-1,-1
271,0,ATTACK,17,0,0,32,,-1,-1
271,0,ATTACK,28,0,0,32,,-1,-1
272,0,MOVE,48,57,20,-1,,-1,-1
272,1,HEAL,31,0,0,32,,-1,-1
272,1,HEAL,33,0,0,32,,-1,-1
273,0,GATHER,65,0,0,-1,,3,4
273,0,MOVE,48,57,20,-1,,-1,-1
274,0,MOVE,48,57,20,-1,,-1,-1
274,1,TRAIN,9,0,0,-1,ARCHER,-1,-1
275,0,HEAL,48,0,0,17,,-1,-1
275,0,ATTACK,38,0,0,34,,-1,-1
275,0,ATTACK,52,0,0,34,,-1,-1
275,0,ATTACK,41,0,0,34,,-1,-1
275,0,ATTACK,57,0,0,34,,-1,-1
275,0,ATTACK,50,0,0,34,,-1,-1
275,0,ATTACK,28,0,0,34,,-1,-1
275,0,ATTACK,46,0,0,34,,-1,-1
275,0,ATTACK,56,0,0,34,,-1,-1
276,0,ATTACK,17,0,0,34,,-1,-1
276,1,HEAL,31,0,0,34,,-1,-1
276,1,HEAL,33,0,0,34,,-1,-1
279,0,TRAIN,6,0,0,-1,WARRIOR,-1,-1
279,0,ATTACK,41,0,0,0,,-1,-1
279,0,ATTACK,57,0,0,0,,-1,-1
279,0,ATTACK,50,0,0,0,,-1,-1
279,0,ATTACK,38,0,0,0,,-1,-1
279,0,ATTACK,52,0,0,0,,-1,-1
279,0,ATTACK,28,0,0,0,,-1,-1
279,0,ATTACK,46,0,0,0,,-1,-1
279,0,ATTACK,56,0,0,0,,-1,-1
279,0,TRAIN,18,0,0,-1,ARCHER,-1,-1
280,0,ATTACK,17,0,0,0,,-1,-1
282,1,TRAIN,9,0,0,-1,ARCHER,-1,-1
290,1,TRAIN,9,0,0,-1,ARCHER,-1,-1
293,0,TRAIN,6,0,0,-1,WARRIOR,-1,-1
293,0,ATTACK,69,0,0,0,,-1,-1
293,0,TRAIN,18,0,0,-1,ARCHER,-1,-1
296,0,ATTACK,52,0,0,33,,-1,-1
296,0,ATTACK,38,0,0,0,,-1,-1
296,0,ATTACK,46,0,0,0,,-1,-1
296,0,ATTACK,56,0,0,0,,-1,-1
296,1,TRAIN,19,0,0,-1,MONK,-1,-1
297,0,ATTACK,28,0,0,0,,-1,-1
298,1,TRAIN,9,0,0,-1,ARCHER,-1,-1
301,0,ATTACK,57,0,0,0,,-1,-1
301,0,ATTACK,50,0,0,0,,-1,-1
301,0,ATTACK,38,0,0,0,,-1,-1
301,0,ATTACK,52,0,0,0,,-1,-1
301,0,ATTACK,28,0,0,0,,-1,-1
301,0,ATTACK,46,0,0,0,,-1,-1
301,0,ATTACK,56,0,0,0,,-1,-1
301,0,ATTACK,71,0,0,0,,-1,-1
306,1,TRAIN,9,0,0,-1,ARCHER,-1,-1
306,1,TRAIN,19,0,0,-1,MONK,-1,-1
307,0,TRAIN,6,0,0,-1,WARRIOR,-1,-1
307,0,ATTACK,74,0,0,0,,-1,-1
307,0,TRAIN,18,0,0,-1,ARCHER,-1,-1
314,1,TRAIN,9,0,0,-1,ARCHER,-1,-1
315,0,ATTACK,76,0,0,11,,-1,-1
318,1,ATTACK,67,0,0,41,,-1,-1
319,1,ATTACK,64,0,0,41,,-1,-1
319,1,ATTACK,70,0,0,17,,-1,-1
320,1,ATTACK,59,0,0,41,,-1,-1
321,0,TRAIN,6,0,0,-1,WARRIOR,-1,-1
321,0,ATTACK,78,0,0,70,,-1,-1
322,0,TRAIN,18,0,0,-1,ARCHER,-1,-1
322,1,TRAIN,9,0,0,-1,ARCHER,-1,-1
322,1,ATTACK,79,0,0,41,,-1,-1
326,1,REPAIR,0,0,0,19,,-1,-1
326,1,REPAIR,10,0,0,19,,-1,-1
327,1,REPAIR,11,0,0,19,,-1,-1
327,1,REPAIR,13,0,0,19,,-1,-1
328,1,REPAIR,16,0,0,19,,-1,-1
330,0,ATTACK,81,0,0,70,,-1,-1
330,1,TRAIN,9,0,0,-1,ARCHER,-1,-1
330,1,ATTACK,80,0,0,41,,-1,-1
335,0,TRAIN,6,0,0,-1,WARRIOR,-1,-1
335,0,ATTACK,82,0,0,0,,-1,-1
336,0,TRAIN,18,0,0,-1,ARCHER,-1,-1
337,0,ATTACK,57,0,0,0,,-1,-1
337,0,ATTACK,52,0,0,0,,-1,-1
337,0,ATTACK,56,0,0,0,,-1,-1
337,0,ATTACK,71,0,0,0,,-1,-1
338,0,ATTACK,50,0,0,0,,-1,-1
338,0,ATTACK,38,0,0,0,,-1,-1
338,0,ATTACK,28,0,0,0,,-1,-1
338,0,ATTACK,46,0,0,0,,-1,-1
338,1,BUILD,0,8,8,-1,MONASTERY,-1,-1
338,1,GATHER,10,0,0,-1,,2,5
338,1,GATHER,11,0,0,-1,,2,5
338,1,GATHER,13,0,0,-1,,2,5
338,1,GATHER,16,0,0,-1,,2,5
338,1,TRAIN,9,0,0,-1,ARCHER,-1,-1
338,1,ATTACK,83,0,0,41,,-1,-1
343,1,ATTACK,83,0,0,17,,-1,-1
343,1,ATTACK,80,0,0,69,,-1,-1
344,0,ATTACK,85,0,0,70,,-1,-1
344,1,ATTACK,59,0,0,17,,-1,-1
344,1,ATTACK,64,0,0,69,,-1,-1
344,1,ATTACK,67,0,0,17,,-1,-1
344,1,ATTACK,79,0,0,57,,-1,-1
345,0,ATTACK,38,0,0,70,,-1,-1
345,0,ATTACK,52,0,0,70,,-1,-1
345,0,ATTACK,28,0,0,70,,-1,-1
345,0,ATTACK,46,0,0,70,,-1,-1
345,0,ATTACK,56,0,0,70,,-1,-1
345,0,ATTACK,71,0,0,70,,-1,-1
346,1,TRAIN,9,0,0,-1,ARCHER,-1,-1
346,1,ATTACK,75,0,0,57,,-1,-1
346,1,ATTACK,86,0,0,17,,-1,-1
349,0,TRAIN,6,0,0,-1,WARRIOR,-1,-1
349,0,ATTACK,87,0,0,70,,-1,-1
349,1,ATTACK,83,0,0,57,,-1,-1
350,0,TRAIN,18,0,0,-1,ARCHER,-1,-1
350,0,HEAL,48,0,0,50,,-1,-1
350,0,HEAL,54,0,0,50,,-1,-1
350,1,ATTACK,59,0,0,69,,-1,-1
350,1,ATTACK,70,0,0,50,,-1,-1
350,1,ATTACK,67,0,0,57,,-1,-1
351,0,ATTACK,56,0,0,70,,-1,-1
351,0,ATTACK,71,0,0,70,,-1,-1
351,0,ATTACK,76,0,0,70,,-1,-1
352,0,ATTACK,38,0,0,70,,-1,-1
352,0,ATTACK,52,0,0,70,,-1,-1
352,0,ATTACK,28,0,0,70,,-1,-1
352,0,ATTACK,46,0,0,70,,-1,-1
354,1,TRAIN,9,0,0,-1,ARCHER,-1,-1
354,1,ATTACK,88,0,0,57,,-1,-1
356,0,ATTACK,46,0,0,80,,-1,-1
356,0,ATTACK,56,0,0,80,,-1,-1
356,0,ATTACK,71,0,0,80,,-1,-1
356,0,ATTACK,76,0,0,80,,-1,-1
356,0,ATTACK,57,0,0,80,,-1,-1
356,0,ATTACK,50,0,0,80,,-1,-1
356,0,ATTACK,78,0,0,80,,-1,-1
356,0,ATTACK,87,0,0,80,,-1,-1
356,0,ATTACK,85,0,0,80,,-1,-1
356,0,ATTACK,52,0,0,80,,-1,-1
356,0,ATTACK,81,0,0,80,,-1,-1
357,0,ATTACK,38,0,0,80,,-1,-1
357,0,ATTACK,28,0,0,80,,-1,-1
358,0,ATTACK,89,0,0,80,,-1,-1
358,1,ATTACK,55,0,0,57,,-1,-1
359,0,ATTACK,38,0,0,13,,-1,-1
359,0,ATTACK,46,0,0,13,,-1,-1
359,0,ATTACK,56,0,0,13,,-1,-1
359,0,ATTACK,71,0,0,13,,-1,-1
359,0,ATTACK,76,0,0,13,,-1,-1
359,0,ATTACK,57,0,0,13,,-1,-1
359,0,ATTACK,50,0,0,13,,-1,-1
359,0,ATTACK,69,0,0,13,,-1,-1
359,0,ATTACK,78,0,0,13,,-1,-1
359,0,ATTACK,87,0,0,13,,-1,-1
359,0,ATTACK,85,0,0,13,,-1,-1
359,0,ATTACK,52,0,0,13,,-1,-1
359,0,ATTACK,89,0,0,13,,-1,-1
359,0,ATTACK,81,0,0,13,,-1,-1
360,0,ATTACK,28,0,0,16,,-1,-1
361,0,ATTACK,76,0,0,16,,-1,-1
361,0,ATTACK,78,0,0,16,,-1,-1
361,0,ATTACK,87,0,0,16,,-1,-1
361,0,ATTACK,85,0,0,16,,-1,-1
361,0,ATTACK,89,0,0,16,,-1,-1
361,0,ATTACK,81,0,0,16,,-1,-1
361,1,TRAIN,5,0,0,-1,PAWN,-1,-1
362,0,ATTACK,38,0,0,10,,-1,-1
362,0,ATTACK,52,0,0,10,,-1,-1
362,0,ATTACK,46,0,0,10,,-1,-1
362,0,ATTACK,56,0,0,10,,-1,-1
362,0,ATTACK,71,0,0,10,,-1,-1
362,0,ATTACK,50,0,0,10,,-1,-1
362,1,TRAIN,9,0,0,-1,ARCHER,-1,-1
362,1,ATTACK,90,0,0,57,,-1,-1
363,0,TRAIN,6,0,0,-1,WARRIOR,-1,-1
363,0,ATTACK,91,0,0,10,,-1,-1
364,0,TRAIN,18,0,0,-1,ARCHER,-1,-1
364,0,ATTACK,28,0,0,55,,-1,-1
364,0,ATTACK,71,0,0,55,,-1,-1
364,0,ATTACK,76,0,0,55,,-1,-1
364,0,ATTACK,69,0,0,11,,-1,-1
364,0,ATTACK,74,0,0,59,,-1,-1
364,0,ATTACK,78,0,0,55,,-1,-1
364,0,ATTACK,91,0,0,55,,-1,-1
364,0,ATTACK,87,0,0,55,,-1,-1
364,0,ATTACK,85,0,0,11,,-1,-1
364,0,ATTACK,89,0,0,11,,-1,-1
364,0,ATTACK,81,0,0,55,,-1,-1
364,1,ATTACK,90,0,0,50,,-1,-1
364,1,ATTACK,83,0,0,74,,-1,-1
364,1,ATTACK,64,0,0,69,,-1,-1
364,1,ATTACK,67,0,0,50,,-1,-1
364,1,ATTACK,88,0,0,50,,-1,-1
364,1,ATTACK,86,0,0,50,,-1,-1
364,1,ATTACK,79,0,0,38,,-1,-1
365,0,ATTACK,38,0,0,55,,-1,-1
365,0,ATTACK,52,0,0,55,,-1,-1
365,0,ATTACK,46,0,0,55,,-1,-1
365,0,ATTACK,56,0,0,55,,-1,-1
365,0,ATTACK,50,0,0,59,,-1,-1
365,1,TRAIN,5,0,0,-1,PAWN,-1,-1
365,1,GATHER,92,0,0,-1,,2,5
365,1,ATTACK,55,0,0,50,,-1,-1
369,1,TRAIN,5,0,0,-1,PAWN,-1,-1
369,1,GATHER,93,0,0,-1,,2,5
370,0,ATTACK,38,0,0,11,,-1,-1
370,0,ATTACK,28,0,0,11,,-1,-1
370,0,ATTACK,46,0,0,11,,-1,-1
370,0,ATTACK,56,0,0,11,,-1,-1
370,0,ATTACK,71,0,0,11,,-1,-1
370,0,ATTACK,76,0,0,11,,-1,-1
370,0,ATTACK,78,0,0,11,,-1,-1
370,0,ATTACK,91,0,0,11,,-1,-1
370,0,ATTACK,87,0,0,11,,-1,-1
370,0,ATTACK,52,0,0,11,,-1,-1
370,0,ATTACK,81,0,0,11,,-1,-1
370,1,TRAIN,9,0,0,-1,ARCHER,-1,-1
371,0,ATTACK,38,0,0,59,,-1,-1
371,0,ATTACK,56,0,0,59,,-1,-1
371,0,ATTACK,71,0,0,59,,-1,-1
371,0,ATTACK,76,0,0,59,,-1,-1
371,0,ATTACK,69,0,0,59,,-1,-1
371,0,ATTACK,78,0,0,83,,-1,-1
371,0,ATTACK,91,0,0,59,,-1,-1
371,0,ATTACK,87,0,0,59,,-1,-1
371,0,ATTACK,85,0,0,59,,-1,-1
371,0,ATTACK,52,0,0,59,,-1,-1
371,0,ATTACK,89,0,0,59,,-1,-1
371,0,ATTACK,46,0,0,59,,-1,-1
371,0,ATTACK,81,0,0,59,,-1,-1
372,0,ATTACK,28,0,0,59,,-1,-1
372,0,ATTACK,95,0,0,59,,-1,-1
372,1,ATTACK,90,0,0,74,,-1,-1
372,1,ATTACK,88,0,0,74,,-1,-1
372,1,ATTACK,86,0,0,74,,-1,-1
373,0,HEAL,48,0,0,38,,-1,-1
373,0,HEAL,54,0,0,38,,-1,-1
373,1,TRAIN,5,0,0,-1,PAWN,-1,-1
373,1,GATHER,96,0,0,-1,,2,5
373,1,ATTACK,64,0,0,74,,-1,-1
373,1,ATTACK,67,0,0,69,,-1,-1
374,0,HEAL,54,0,0,69,,-1,-1
374,0,ATTACK,74,0,0,79,,-1,-1
374,0,ATTACK,71,0,0,79,,-1,-1
374,0,ATTACK,76,0,0,79,,-1,-1
374,0,ATTACK,91,0,0,79,,-1,-1
374,0,ATTACK,87,0,0,79,,-1,-1
374,0,ATTACK,85,0,0,79,,-1,-1
374,0,ATTACK,95,0,0,79,,-1,-1
374,0,ATTACK,89,0,0,79,,-1,-1
375,0,ATTACK,38,0,0,79,,-1,-1
375,0,ATTACK,28,0,0,79,,-1,-1
375,0,ATTACK,56,0,0,79,,-1,-1
375,0,ATTACK,69,0,0,79,,-1,-1
375,0,ATTACK,52,0,0,79,,-1,-1
375,0,ATTACK,46,0,0,79,,-1,-1
377,0,TRAIN,6,0,0,-1,WARRIOR,-1,-1
377,0,ATTACK,98,0,0,90,,-1,-1
377,1,GATHER,97,0,0,-1,,2,5
378,0,TRAIN,18,0,0,-1,ARCHER,-1,-1
378,0,ATTACK,71,0,0,90,,-1,-1
378,0,ATTACK,76,0,0,90,,-1,-1
378,0,ATTACK,74,0,0,5,,-1,-1
378,0,ATTACK,91,0,0,90,,-1,-1
378,0,ATTACK,87,0,0,90,,-1,-1
378,0,ATTACK,85,0,0,90,,-1,-1
378,0,ATTACK,95,0,0,90,,-1,-1
378,0,ATTACK,89,0,0,90,,-1,-1
378,1,TRAIN,9,0,0,-1,ARCHER,-1,-1
378,1,ATTACK,99,0,0,74,,-1,-1
379,0,HEAL,48,0,0,69,,-1,-1
379,0,ATTACK,38,0,0,90,,-1,-1
379,0,ATTACK,52,0,0,90,,-1,-1
379,0,ATTACK,28,0,0,90,,-1,-1
379,0,ATTACK,46,0,0,90,,-1,-1
379,0,ATTACK,56,0,0,90,,-1,-1
379,0,ATTACK,69,0,0,90,,-1,-1
379,1,ATTACK,75,0,0,78,,-1,-1
380,1,ATTACK,62,0,0,78,,-1,-1
380,1,ATTACK,66,0,0,78,,-1,-1
382,1,ATTACK,94,0,0,78,,-1,-1
382,1,ATTACK,58,0,0,78,,-1,-1
383,1,ATTACK,45,0,0,78,,-1,-1
383,1,ATTACK,68,0,0,78,,-1,-1
383,1,ATTACK,72,0,0,78,,-1,-1
383,1,ATTACK,51,0,0,78,,-1,-1
384,0,ATTACK,38,0,0,86,,-1,-1
384,0,ATTACK,52,0,0,86,,-1,-1
384,0,ATTACK,46,0,0,86,,-1,-1
384,0,ATTACK,56,0,0,86,,-1,-1
384,0,ATTACK,71,0,0,86,,-1,-1
384,0,ATTACK,76,0,0,86,,-1,-1
384,0,ATTACK,98,0,0,86,,-1,-1
384,0,ATTACK,91,0,0,86,,-1,-1
384,0,ATTACK,87,0,0,86,,-1,-1
384,0,ATTACK,85,0,0,86,,-1,-1
384,0,ATTACK,95,0,0,86,,-1,-1
384,0,ATTACK,89,0,0,86,,-1,-1
385,0,ATTACK,28,0,0,86,,-1,-1
385,1,ATTACK,42,0,0,78,,-1,-1
386,0,ATTACK,101,0,0,86,,-1,-1
386,1,TRAIN,9,0,0,-1,ARCHER,-1,-1
386,1,ATTACK,100,0,0,78,,-1,-1
388,0,HEAL,54,0,0,74,,-1,-1
388,0,ATTACK,52,0,0,58,,-1,-1
388,0,ATTACK,56,0,0,99,,-1,-1
388,0,ATTACK,71,0,0,99,,-1,-1
388,0,ATTACK,76,0,0,99,,-1,-1
388,0,ATTACK,98,0,0,58,,-1,-1
388,0,ATTACK,69,0,0,99,,-1,-1
388,0,ATTACK,91,0,0,58,,-1,-1
388,0,ATTACK,87,0,0,58,,-1,-1
388,0,ATTACK,85,0,0,99,,-1,-1
388,0,ATTACK,95,0,0,58,,-1,-1
388,0,ATTACK,89,0,0,58,,-1,-1
388,0,ATTACK,101,0,0,58,,-1,-1
389,0,ATTACK,38,0,0,58,,-1,-1
389,0,ATTACK,28,0,0,58,,-1,-1
389,0,ATTACK,46,0,0,58,,-1,-1
391,0,TRAIN,6,0,0,-1,WARRIOR,-1,-1
391,0,ATTACK,102,0,0,58,,-1,-1
391,0,TRAIN,18,0,0,-1,ARCHER,-1,-1
392,0,HEAL,54,0,0,78,,-1,-1
393,0,HEAL,54,0,0,74,,-1,-1
393,1,ATTACK,51,0,0,74,,-1,-1
393,1,ATTACK,58,0,0,54,,-1,-1
394,0,HEAL,54,0,0,74,,-1,-1
394,1,TRAIN,9,0,0,-1,ARCHER,-1,-1
395,0,HEAL,54,0,0,74,,-1,-1
395,0,ATTACK,71,0,0,58,,-1,-1
395,0,ATTACK,76,0,0,58,,-1,-1
395,0,ATTACK,69,0,0,93,,-1,-1
395,0,ATTACK,82,0,0,93,,-1,-1
396,0,HEAL,48,0,0,74,,-1,-1
396,0,HEAL,54,0,0,74,,-1,-1
396,0,ATTACK,38,0,0,51,,-1,-1
396,0,ATTACK,52,0,0,51,,-1,-1
396,0,ATTACK,46,0,0,51,,-1,-1
396,0,ATTACK,56,0,0,51,,-1,-1
396,0,ATTACK,71,0,0,51,,-1,-1
396,0,ATTACK,76,0,0,51,,-1,-1
396,0,ATTACK,98,0,0,51,,-1,-1
396,0,ATTACK,102,0,0,51,,-1,-1
396,0,ATTACK,91,0,0,51,,-1,-1
396,0,ATTACK,87,0,0,51,,-1,-1
396,0,ATTACK,85,0,0,51,,-1,-1
396,0,ATTACK,95,0,0,51,,-1,-1
396,0,ATTACK,89,0,0,51,,-1,-1
396,0,ATTACK,101,0,0,51,,-1,-1
397,0,HEAL,48,0,0,74,,-1,-1
397,0,HEAL,54,0,0,74,,-1,-1
397,0,ATTACK,28,0,0,51,,-1,-1
397,1,ATTACK,94,0,0,69,,-1,-1
398,0,HEAL,48,0,0,74,,-1,-1
398,0,HEAL,54,0,0,74,,-1,-1
399,0,HEAL,48,0,0,69,,-1,-1
399,0,HEAL,54,0,0,69,,-1,-1
399,0,ATTACK,104,0,0,51,,-1,-1
400,1,GATHER,0,0,0,-1,,2,5
400,1,TRAIN,84,0,0,-1,MONK,-1,-1
401,0,ATTACK,38,0,0,83,,-1,-1
401,0,ATTACK,28,0,0,83,,-1,-1
401,0,ATTACK,56,0,0,83,,-1,-1
401,0,ATTACK,71,0,0,83,,-1,-1
401,0,ATTACK,98,0,0,83,,-1,-1
401,0,ATTACK,102,0,0,83,,-1,-1
401,0,ATTACK,91,0,0,83,,-1,-1
401,0,ATTACK,87,0,0,83,,-1,-1
401,0,ATTACK,85,0,0,83,,-1,-1
401,0,ATTACK,95,0,0,83,,-1,-1
401,0,ATTACK,52,0,0,83,,-1,-1
401,0,ATTACK,89,0,0,83,,-1,-1
401,0,ATTACK,46,0,0,83,,-1,-1
401,0,ATTACK,104,0,0,93,,-1,-1
401,0,ATTACK,76,0,0,83,,-1,-1
401,0,ATTACK,101,0,0,93,,-1,-1
402,1,TRAIN,9,0,0,-1,ARCHER,-1,-1
402,1,ATTACK,105,0,0,69,,-1,-1
404,0,HEAL,48,0,0,74,,-1,-1
404,0,HEAL,54,0,0,74,,-1,-1
405,0,TRAIN,6,0,0,-1,WARRIOR,-1,-1
405,0,HEAL,48,0,0,74,,-1,-1
405,0,HEAL,54,0,0,74,,-1,-1
405,0,ATTACK,71,0,0,93,,-1,-1
405,0,ATTACK,106,0,0,93,,-1,-1
405,0,ATTACK,98,0,0,93,,-1,-1
405,0,ATTACK,102,0,0,93,,-1,-1
405,0,ATTACK,91,0,0,93,,-1,-1
405,0,ATTACK,87,0,0,93,,-1,-1
405,0,ATTACK,95,0,0,93,,-1,-1
405,0,ATTACK,89,0,0,93,,-1,-1
405,0,ATTACK,76,0,0,93,,-1,-1
406,0,TRAIN,18,0,0,-1,ARCHER,-1,-1
406,0,HEAL,48,0,0,69,,-1,-1
406,0,MOVE,54,31,20,-1,,-1,-1
406,0,ATTACK,38,0,0,93,,-1,-1
406,0,ATTACK,28,0,0,93,,-1,-1
406,0,ATTACK,56,0,0,93,,-1,-1
407,0,HEAL,48,0,0,69,,-1,-1
408,0,HEAL,48,0,0,69,,-1,-1
408,0,ATTACK,56,0,0,105,,-1,-1
408,0,ATTACK,71,0,0,105,,-1,-1
408,0,ATTACK,76,0,0,105,,-1,-1
408,0,ATTACK,106,0,0,105,,-1,-1
408,0,ATTACK,98,0,0,105,,-1,-1
408,0,ATTACK,102,0,0,105,,-1,-1
408,0,ATTACK,91,0,0,105,,-1,-1
408,0,ATTACK,82,0,0,94,,-1,-1
408,0,ATTACK,87,0,0,105,,-1,-1
408,0,ATTACK,95,0,0,105,,-1,-1
408,0,ATTACK,104,0,0,105,,-1,-1
408,0,ATTACK,101,0,0,105,,-1,-1
408,1,TRAIN,5,0,0,-1,PAWN,-1,-1
409,0,HEAL,48,0,0,74,,-1,-1
409,0,ATTACK,38,0,0,105,,-1,-1
409,0,ATTACK,28,0,0,105,,-1,-1
410,0,MOVE,48,30,20,-1,,-1,-1
410,1,TRAIN,9,0,0,-1,ARCHER,-1,-1
410,1,TRAIN,84,0,0,-1,MONK,-1,-1
410,1,ATTACK,107,0,0,69,,-1,-1
410,1,HEAL,108,0,0,105,,-1,-1
411,0,HEAL,54,0,0,69,,-1,-1
412,1,GATHER,109,0,0,-1,,2,5
413,1,REPAIR,0,0,0,5,,-1,-1
413,1,REPAIR,92,0,0,5,,-1,-1
414,0,MOVE,54,30,20,-1,,-1,-1
414,0,ATTACK,110,0,0,105,,-1,-1
414,1,REPAIR,96,0,0,5,,-1,-1
414,1,REPAIR,97,0,0,5,,-1,-1
415,0,ATTACK,71,0,0,94,,-1,-1
415,0,ATTACK,106,0,0,107,,-1,-1
415,0,ATTACK,98,0,0,107,,-1,-1
415,0,ATTACK,102,0,0,107,,-1,-1
415,0,ATTACK,91,0,0,107,,-1,-1
415,0,ATTACK,87,0,0,107,,-1,-1
415,0,ATTACK,95,0,0,107,,-1,-1
415,0,ATTACK,104,0,0,94,,-1,-1
415,0,ATTACK,76,0,0,94,,-1,-1
415,0,ATTACK,101,0,0,107,,-1,-1
415,0,ATTACK,110,0,0,94,,-1,-1
415,1,REPAIR,109,0,0,5,,-1,-1
415,1,HEAL,108,0,0,94,,-1,-1
416,0,ATTACK,38,0,0,107,,-1,-1
416,0,ATTACK,28,0,0,107,,-1,-1
416,0,ATTACK,56,0,0,107,,-1,-1
418,1,TRAIN,9,0,0,-1,ARCHER,-1,-1
418,1,ATTACK,111,0,0,69,,-1,-1
419,0,TRAIN,6,0,0,-1,WARRIOR,-1,-1
419,0,HEAL,48,0,0,69,,-1,-1
419,0,ATTACK,112,0,0,107,,-1,-1
420,0,TRAIN,18,0,0,-1,ARCHER,-1,-1
420,1,HEAL,113,0,0,94,,-1,-1
421,1,ATTACK,75,0,0,87,,-1,-1
422,0,ATTACK,76,0,0,107,,-1,-1
422,0,ATTACK,82,0,0,107,,-1,-1
422,0,ATTACK,104,0,0,107,,-1,-1
422,0,ATTACK,110,0,0,107,,-1,-1
422,1,ATTACK,66,0,0,87,,-1,-1
422,1,HEAL,108,0,0,107,,-1,-1
422,1,HEAL,113,0,0,107,,-1,-1
423,0,HEAL,54,0,0,69,,-1,-1
423,0,ATTACK,71,0,0,107,,-1,-1
423,1,GATHER,96,0,0,-1,,2,5
423,1,GATHER,109,0,0,-1,,2,5
423,1,ATTACK,62,0,0,87,,-1,-1
424,1,ATTACK,107,0,0,74,,-1,-1
424,1,ATTACK,111,0,0,82,,-1,-1
424,1,ATTACK,103,0,0,87,,-1,-1
425,0,HEAL,48,0,0,74,,-1,-1
425,0,HEAL,54,0,0,74,,-1,-1
425,0,ATTACK,38,0,0,111,,-1,-1
425,0,ATTACK,56,0,0,111,,-1,-1
425,0,ATTACK,71,0,0,111,,-1,-1
425,0,ATTACK,106,0,0,111,,-1,-1
425,0,ATTACK,98,0,0,111,,-1,-1
425,0,ATTACK,102,0,0,111,,-1,-1
425,0,ATTACK,91,0,0,111,,-1,-1
425,0,ATTACK,82,0,0,5,,-1,-1
425,0,ATTACK,87,0,0,111,,-1,-1
425,0,ATTACK,112,0,0,111,,-1,-1
425,0,ATTACK,104,0,0,111,,-1,-1
425,0,ATTACK,76,0,0,111,,-1,-1
425,0,ATTACK,101,0,0,111,,-1,-1
425,0,ATTACK,110,0,0,111,,-1,-1
425,1,ATTACK,67,0,0,87,,-1,-1
426,0,MOVE,48,28,20,-1,,-1,-1
426,0,MOVE,54,28,20,-1,,-1,-1
426,0,ATTACK,28,0,0,111,,-1,-1
426,1,TRAIN,9,0,0,-1,ARCHER,-1,-1
426,1,ATTACK,114,0,0,87,,-1,-1
427,1,GATHER,97,0,0,-1,,2,5
427,1,ATTACK,100,0,0,87,,-1,-1
427,1,ATTACK,45,0,0,87,,-1,-1
427,1,ATTACK,68,0,0,87,,-1,-1
427,1,ATTACK,72,0,0,87,,-1,-1
427,1,HEAL,108,0,0,111,,-1,-1
427,1,HEAL,113,0,0,111,,-1,-1
428,0,ATTACK,115,0,0,111,,-1,-1
429,1,ATTACK,42,0,0,87,,-1,-1
431,0,HEAL,48,0,0,74,,-1,-1
431,0,ATTACK,106,0,0,100,,-1,-1
431,0,ATTACK,98,0,0,100,,-1,-1
431,0,ATTACK,102,0,0,100,,-1,-1
431,0,ATTACK,91,0,0,100,,-1,-1
431,0,ATTACK,87,0,0,5,,-1,-1
431,0,ATTACK,112,0,0,100,,-1,-1
431,0,ATTACK,104,0,0,5,,-1,-1
431,0,ATTACK,115,0,0,5,,-1,-1
431,0,ATTACK,110,0,0,5,,-1,-1
432,0,MOVE,48,28,20,-1,,-1,-1
432,0,ATTACK,38,0,0,5,,-1,-1
432,0,ATTACK,28,0,0,5,,-1,-1
432,0,ATTACK,56,0,0,5,,-1,-1
432,0,ATTACK,71,0,0,5,,-1,-1
432,0,ATTACK,76,0,0,5,,-1,-1
433,0,TRAIN,6,0,0,-1,WARRIOR,-1,-1
433,0,ATTACK,116,0,0,100,,-1,-1
433,0,TRAIN,18,0,0,-1,ARCHER,-1,-1
434,1,GATHER,0,0,0,-1,,2,5
434,1,TRAIN,9,0,0,-1,ARCHER,-1,-1
434,1,ATTACK,117,0,0,87,,-1,-1
435,0,HEAL,54,0,0,74,,-1,-1
435,1,ATTACK,117,0,0,91,,-1,-1
435,1,ATTACK,114,0,0,82,,-1,-1
435,1,ATTACK,103,0,0,91,,-1,-1
436,1,ATTACK,42,0,0,91,,-1,-1
436,1,ATTACK,100,0,0,74,,-1,-1
436,1,ATTACK,45,0,0,91,,-1,-1
436,1,ATTACK,62,0,0,91,,-1,-1
436,1,ATTACK,68,0,0,91,,-1,-1
436,1,ATTACK,72,0,0,91,,-1,-1
436,1,ATTACK,67,0,0,82,,-1,-1
436,1,ATTACK,66,0,0,91,,-1,-1
436,1,ATTACK,75,0,0,91,,-1,-1
441,0,ATTACK,118,0,0,100,,-1,-1
441,1,ATTACK,100,0,0,91,,-1,-1
441,1,ATTACK,64,0,0,98,,-1,-1
441,1,ATTACK,88,0,0,82,,-1,-1
442,0,HEAL,54,0,0,91,,-1,-1
442,1,GATHER,92,0,0,-1,,2,5
442,1,TRAIN,9,0,0,-1,ARCHER,-1,-1
442,1,ATTACK,119,0,0,91,,-1,-1
442,1,HEAL,108,0,0,100,,-1,-1
442,1,HEAL,113,0,0,100,,-1,-1
443,0,HEAL,48,0,0,91,,-1,-1
446,1,ATTACK,117,0,0,98,,-1,-1
446,1,ATTACK,100,0,0,104,,-1,-1
446,1,ATTACK,114,0,0,82,,-1,-1
446,1,ATTACK,119,0,0,98,,-1,-1
446,1,ATTACK,75,0,0,98,,-1,-1
446,1,ATTACK,103,0,0,98,,-1,-1
447,0,TRAIN,6,0,0,-1,WARRIOR,-1,-1
447,0,HEAL,48,0,0,82,,-1,-1
447,0,HEAL,54,0,0,82,,-1,-1
447,0,ATTACK,120,0,0,100,,-1,-1
447,1,ATTACK,42,0,0,98,,-1,-1
447,1,ATTACK,45,0,0,104,,-1,-1
447,1,ATTACK,62,0,0,98,,-1,-1
447,1,ATTACK,68,0,0,98,,-1,-1
447,1,ATTACK,72,0,0,98,,-1,-1
447,1,ATTACK,66,0,0,98,,-1,-1
448,0,TRAIN,18,0,0,-1,ARCHER,-1,-1
450,1,TRAIN,9,0,0,-1,ARCHER,-1,-1
450,1,ATTACK,121,0,0,98,,-1,-1
452,0,HEAL,54,0,0,104,,-1,-1
453,0,MOVE,48,26,20,-1,,-1,-1
453,0,MOVE,54,26,20,-1,,-1,-1
455,0,HEAL,48,0,0,98,,-1,-1
456,0,ATTACK,122,0,0,100,,-1,-1
456,1,ATTACK,117,0,0,102,,-1,-1
456,1,ATTACK,114,0,0,104,,-1,-1
456,1,ATTACK,68,0,0,102,,-1,-1
456,1,ATTACK,72,0,0,102,,-1,-1
456,1,ATTACK,66,0,0,102,,-1,-1
456,1,ATTACK,119,0,0,82,,-1,-1
456,1,ATTACK,75,0,0,102,,-1,-1
456,1,ATTACK,103,0,0,102,,-1,-1
456,1,ATTACK,121,0,0,102,,-1,-1
457,0,HEAL,48,0,0,104,,-1,-1
457,1,REPAIR,0,0,0,5,,-1,-1
457,1,REPAIR,92,0,0,5,,-1,-1
457,1,ATTACK,42,0,0,102,,-1,-1
457,1,ATTACK,62,0,0,104,,-1,-1
457,1,ATTACK,64,0,0,82,,-1,-1
458,0,MOVE,48,27,20,-1,,-1,-1
458,1,REPAIR,96,0,0,5,,-1,-1
458,1,REPAIR,97,0,0,5,,-1,-1
458,1,TRAIN,9,0,0,-1,ARCHER,-1,-1
458,1,ATTACK,123,0,0,102,,-1,-1
459,0,HEAL,54,0,0,104,,-1,-1
459,1,REPAIR,109,0,0,5,,-1,-1
461,0,TRAIN,6,0,0,-1,WARRIOR,-1,-1
461,0,ATTACK,124,0,0,42,,-1,-1
461,0,TRAIN,18,0,0,-1,ARCHER,-1,-1
463,0,HEAL,54,0,0,102,,-1,-1
463,1,ATTACK,100,0,0,102,,-1,-1
463,1,ATTACK,45,0,0,106,,-1,-1
463,1,ATTACK,114,0,0,82,,-1,-1
463,1,ATTACK,62,0,0,102,,-1,-1
464,1,GATHER,109,0,0,-1,,2,5
465,1,GATHER,92,0,0,-1,,2,5
465,1,GATHER,96,0,0,-1,,2,5
466,1,TRAIN,9,0,0,-1,ARCHER,-1,-1
466,1,ATTACK,125,0,0,102,,-1,-1
466,1,HEAL,108,0,0,100,,-1,-1
467,0,HEAL,48,0,0,82,,-1,-1
467,1,ATTACK,123,0,0,106,,-1,-1
467,1,ATTACK,125,0,0,106,,-1,-1
467,1,ATTACK,121,0,0,106,,-1,-1
467,1,HEAL,108,0,0,42,,-1,-1
468,0,HEAL,54,0,0,82,,-1,-1
468,1,ATTACK,42,0,0,106,,-1,-1
468,1,ATTACK,117,0,0,106,,-1,-1
468,1,ATTACK,100,0,0,54,,-1,-1
468,1,ATTACK,114,0,0,82,,-1,-1
468,1,ATTACK,62,0,0,106,,-1,-1
468,1,ATTACK,68,0,0,106,,-1,-1
468,1,ATTACK,72,0,0,106,,-1,-1
468,1,ATTACK,66,0,0,106,,-1,-1
468,1,ATTACK,75,0,0,106,,-1,-1
468,1,ATTACK,103,0,0,106,,-1,-1
469,0,ATTACK,126,0,0,100,,-1,-1
471,1,HEAL,113,0,0,42,,-1,-1
472,1,HEAL,108,0,0,42,,-1,-1
473,0,MOVE,48,26,20,-1,,-1,-1
473,0,HEAL,54,0,0,82,,-1,-1
473,1,GATHER,0,0,0,-1,,2,5
473,1,HEAL,108,0,0,42,,-1,-1
474,0,MOVE,54,26,20,-1,,-1,-1
474,1,TRAIN,9,0,0,-1,ARCHER,-1,-1
474,1,ATTACK,127,0,0,106,,-1,-1
474,1,HEAL,108,0,0,42,,-1,-1
475,0,TRAIN,6,0,0,-1,WARRIOR,-1,-1
475,0,ATTACK,128,0,0,42,,-1,-1
475,1,HEAL,108,0,0,42,,-1,-1
475,0,TRAIN,18,0,0,-1,ARCHER,-1,-1
476,1,ATTACK,117,0,0,112,,-1,-1
476,1,ATTACK,114,0,0,82,,-1,-1
476,1,ATTACK,123,0,0,112,,-1,-1
476,1,ATTACK,125,0,0,112,,-1,-1
476,1,ATTACK,75,0,0,112,,-1,-1
476,1,ATTACK,103,0,0,112,,-1,-1
476,1,ATTACK,121,0,0,112,,-1,-1
476,1,ATTACK,127,0,0,112,,-1,-1
476,1,HEAL,108,0,0,100,,-1,-1
476,1,HEAL,113,0,0,100,,-1,-1
477,1,ATTACK,42,0,0,112,,-1,-1
477,1,ATTACK,45,0,0,112,,-1,-1
477,1,ATTACK,62,0,0,112,,-1,-1
477,1,ATTACK,68,0,0,112,,-1,-1
477,1,ATTACK,72,0,0,112,,-1,-1
477,1,ATTACK,66,0,0,112,,-1,-1
477,1,HEAL,108,0,0,42,,-1,-1
477,1,HEAL,113,0,0,42,,-1,-1
478,1,GATHER,97,0,0,-1,,2,5
478,1,HEAL,108,0,0,100,,-1,-1
478,1,HEAL,113,0,0,100,,-1,-1
479,0,HEAL,48,0,0,82,,-1,-1
480,1,HEAL,108,0,0,42,,-1,-1
480,1,HEAL,113,0,0,42,,-1,-1
481,1,ATTACK,119,0,0,112,,-1,-1
482,0,HEAL,48,0,0,112,,-1,-1
482,1,ATTACK,64,0,0,112,,-1,-1
482,1,ATTACK,67,0,0,118,,-1,-1
482,1,ATTACK,88,0,0,116,,-1,-1
483,0,HEAL,54,0,0,112,,-1,-1
483,0,ATTACK,129,0,0,0,,-1,-1
483,1,HEAL,113,0,0,100,,-1,-1
484,1,ATTACK,125,0,0,116,,-1,-1
484,1,ATTACK,119,0,0,118,,-1,-1
484,1,ATTACK,121,0,0,116,,-1,-1
484,1,ATTACK,127,0,0,116,,-1,-1
484,1,HEAL,113,0,0,42,,-1,-1
485,0,MOVE,48,27,20,-1,,-1,-1
485,0,MOVE,54,27,20,-1,,-1,-1
485,1,ATTACK,42,0,0,116,,-1,-1
485,1,ATTACK,117,0,0,116,,-1,-1
485,1,ATTACK,45,0,0,118,,-1,-1
485,1,ATTACK,114,0,0,116,,-1,-1
485,1,ATTACK,62,0,0,116,,-1,-1
485,1,ATTACK,123,0,0,116,,-1,-1
485,1,ATTACK,64,0,0,110,,-1,-1
485,1,ATTACK,68,0,0,116,,-1,-1
485,1,ATTACK,72,0,0,116,,-1,-1
485,1,ATTACK,66,0,0,116,,-1,-1
485,1,ATTACK,75,0,0,116,,-1,-1
485,1,ATTACK,103,0,0,116,,-1,-1
486,0,HEAL,48,0,0,118,,-1,-1
486,0,HEAL,54,0,0,118,,-1,-1
486,1,HEAL,113,0,0,100,,-1,-1
487,0,TRAIN,26,0,0,-1,MONK,-1,-1
487,1,TRAIN,9,0,0,-1,ARCHER,-1,-1
487,1,ATTACK,100,0,0,116,,-1,-1
487,1,ATTACK,130,0,0,116,,-1,-1
488,1,HEAL,113,0,0,100,,-1,-1
489,0,TRAIN,6,0,0,-1,WARRIOR,-1,-1
489,0,ATTACK,131,0,0,42,,-1,-1
489,0,TRAIN,18,0,0,-1,ARCHER,-1,-1
490,0,MOVE,48,27,20,-1,,-1,-1
490,1,HEAL,108,0,0,100,,-1,-1
490,1,HEAL,113,0,0,100,,-1,-1
491,0,HEAL,48,0,0,116,,-1,-1
491,1,HEAL,113,0,0,100,,-1,-1
492,1,ATTACK,100,0,0,118,,-1,-1
492,1,ATTACK,114,0,0,118,,-1,-1
492,1,ATTACK,123,0,0,110,,-1,-1
492,1,ATTACK,103,0,0,118,,-1,-1
492,1,ATTACK,121,0,0,118,,-1,-1
492,1,ATTACK,127,0,0,118,,-1,-1
493,0,HEAL,48,0,0,118,,-1,-1
493,1,REPAIR,0,0,0,5,,-1,-1
493,1,REPAIR,92,0,0,5,,-1,-1
493,1,ATTACK,42,0,0,118,,-1,-1
493,1,ATTACK,62,0,0,118,,-1,-1
493,1,ATTACK,68,0,0,118,,-1,-1
493,1,ATTACK,66,0,0,118,,-1,-1
493,1,ATTACK,88,0,0,122,,-1,-1
493,1,ATTACK,75,0,0,118,,-1,-1
493,1,HEAL,113,0,0,100,,-1,-1
494,0,MOVE,48,26,20,-1,,-1,-1
494,1,REPAIR,96,0,0,5,,-1,-1
494,1,REPAIR,97,0,0,5,,-1,-1
495,1,REPAIR,109,0,0,5,,-1,-1
495,1,TRAIN,9,0,0,-1,ARCHER,-1,-1
495,1,ATTACK,100,0,0,122,,-1,-1
495,1,ATTACK,114,0,0,122,,-1,-1
495,1,ATTACK,62,0,0,122,,-1,-1
495,1,ATTACK,67,0,0,120,,-1,-1
495,1,ATTACK,132,0,0,122,,-1,-1
495,1,ATTACK,66,0,0,122,,-1,-1
495,1,ATTACK,119,0,0,110,,-1,-1
495,1,ATTACK,75,0,0,122,,-1,-1
495,1,ATTACK,103,0,0,122,,-1,-1
495,1,ATTACK,121,0,0,122,,-1,-1
495,1,ATTACK,127,0,0,122,,-1,-1
496,1,ATTACK,42,0,0,122,,-1,-1
496,1,ATTACK,117,0,0,122,,-1,-1
496,1,ATTACK,45,0,0,122,,-1,-1
496,1,ATTACK,68,0,0,122,,-1,-1
496,1,ATTACK,72,0,0,122,,-1,-1
496,1,HEAL,113,0,0,100,,-1,-1
497,0,HEAL,134,0,0,122,,-1,-1
497,0,ATTACK,133,0,0,0,,-1,-1
498,0,HEAL,134,0,0,110,,-1,-1
498,1,GATHER,97,0,0,-1,,2,5
498,1,GATHER,109,0,0,-1,,2,5
498,1,ATTACK,117,0,0,120,,-1,-1
498,1,ATTACK,100,0,0,110,,-1,-1
498,1,ATTACK,114,0,0,120,,-1,-1
498,1,ATTACK,132,0,0,120,,-1,-1
498,1,ATTACK,125,0,0,120,,-1,-1
498,1,ATTACK,88,0,0,115,,-1,-1
498,1,ATTACK,75,0,0,120,,-1,-1
498,1,ATTACK,103,0,0,120,,-1,-1
498,1,ATTACK,121,0,0,120,,-1,-1
498,1,ATTACK,127,0,0,120,,-1,-1
499,1,GATHER,0,0,0,-1,,2,5
499,1,GATHER,92,0,0,-1,,2,5
499,1,GATHER,96,0,0,-1,,2,5
499,1,ATTACK,42,0,0,120,,-1,-1
499,1,ATTACK,45,0,0,120,,-1,-1
499,1,ATTACK,62,0,0,120,,-1,-1
499,1,ATTACK,68,0,0,120,,-1,-1
499,1,ATTACK,72,0,0,120,,-1,-1
499,1,ATTACK,66,0,0,120,,-1,-1
500,1,HEAL,113,0,0,100,,-1,-1
501,0,HEAL,134,0,0,120,,-1,-1
501,1,ATTACK,100,0,0,120,,-1,-1
501,1,ATTACK,123,0,0,115,,-1,-1
501,1,ATTACK,119,0,0,120,,-1,-1
502,1,ATTACK,64,0,0,120,,-1,-1
503,0,TRAIN,6,0,0,-1,WARRIOR,-1,-1
503,0,ATTACK,135,0,0,42,,-1,-1
503,1,TRAIN,9,0,0,-1,ARCHER,-1,-1
503,1,ATTACK,136,0,0,120,,-1,-1
503,1,HEAL,108,0,0,100,,-1,-1
504,0,TRAIN,18,0,0,-1,ARCHER,-1,-1
504,0,HEAL,48,0,0,120,,-1,-1
505,0,MOVE,134,29,20,-1,,-1,-1
505,1,ATTACK,100,0,0,115,,-1,-1
505,1,ATTACK,67,0,0,115,,-1,-1
505,1,ATTACK,88,0,0,115,,-1,-1
505,1,ATTACK,119,0,0,115,,-1,-1
506,0,HEAL,48,0,0,115,,-1,-1
506,0,HEAL,134,0,0,115,,-1,-1
506,1,ATTACK,42,0,0,115,,-1,-1
506,1,ATTACK,64,0,0,115,,-1,-1
506,1,HEAL,113,0,0,100,,-1,-1
507,1,ATTACK,132,0,0,126,,-1,-1
507,1,ATTACK,75,0,0,124,,-1,-1
507,1,ATTACK,103,0,0,126,,-1,-1
507,1,ATTACK,121,0,0,126,,-1,-1
507,1,ATTACK,127,0,0,126,,-1,-1
508,1,ATTACK,117,0,0,126,,-1,-1
508,1,ATTACK,114,0,0,126,,-1,-1
508,1,ATTACK,62,0,0,126,,-1,-1
508,1,ATTACK,66,0,0,124,,-1,-1
509,1,ATTACK,45,0,0,126,,-1,-1
509,1,ATTACK,68,0,0,126,,-1,-1
510,0,HEAL,134,0,0,126,,-1,-1
510,1,ATTACK,100,0,0,126,,-1,-1
510,1,ATTACK,123,0,0,124,,-1,-1
510,1,ATTACK,64,0,0,126,,-1,-1
510,1,ATTACK,67,0,0,126,,-1,-1
510,1,ATTACK,88,0,0,126,,-1,-1
510,1,ATTACK,119,0,0,126,,-1,-1
511,0,MOVE,48,28,20,-1,,-1,-1
511,0,MOVE,134,28,20,-1,,-1,-1
511,1,TRAIN,9,0,0,-1,ARCHER,-1,-1
511,1,ATTACK,42,0,0,124,,-1,-1
511,1,ATTACK,117,0,0,124,,-1,-1
511,1,ATTACK,132,0,0,124,,-1,-1
511,1,ATTACK,137,0,0,124,,-1,-1
511,1,ATTACK,119,0,0,124,,-1,-1
511,1,ATTACK,121,0,0,124,,-1,-1
511,1,ATTACK,136,0,0,124,,-1,-1
511,1,ATTACK,127,0,0,124,,-1,-1
512,0,HEAL,48,0,0,124,,-1,-1
512,0,HEAL,134,0,0,124,,-1,-1
512,0,ATTACK,138,0,0,97,,-1,-1
512,1,ATTACK,100,0,0,124,,-1,-1
512,1,ATTACK,45,0,0,124,,-1,-1
512,1,ATTACK,114,0,0,124,,-1,-1
512,1,ATTACK,62,0,0,124,,-1,-1
512,1,ATTACK,64,0,0,124,,-1,-1
512,1,ATTACK,68,0,0,124,,-1,-1
512,1,ATTACK,72,0,0,124,,-1,-1
512,1,ATTACK,67,0,0,124,,-1,-1
512,1,ATTACK,125,0,0,124,,-1,-1
512,1,ATTACK,88,0,0,124,,-1,-1
512,1,ATTACK,75,0,0,124,,-1,-1
512,1,ATTACK,103,0,0,124,,-1,-1
512,1,ATTACK,130,0,0,124,,-1,-1
513,1,HEAL,108,0,0,100,,-1,-1
516,1,REPAIR,0,0,0,5,,-1,-1
516,1,REPAIR,92,0,0,5,,-1,-1
517,0,TRAIN,6,0,0,-1,WARRIOR,-1,-1
517,0,MOVE,48,30,20,-1,,-1,-1
517,0,MOVE,134,30,20,-1,,-1,-1
517,0,ATTACK,139,0,0,42,,-1,-1
517,1,REPAIR,96,0,0,5,,-1,-1
517,1,REPAIR,97,0,0,5,,-1,-1
517,1,ATTACK,42,0,0,48,,-1,-1
517,1,ATTACK,100,0,0,38,,-1,-1
517,1,ATTACK,123,0,0,28,,-1,-1
517,1,ATTACK,67,0,0,48,,-1,-1
518,1,REPAIR,109,0,0,5,,-1,-1
518,1,HEAL,113,0,0,42,,-1,-1
519,0,HEAL,134,0,0,38,,-1,-1
519,1,TRAIN,9,0,0,-1,ARCHER,-1,-1
520,1,ATTACK,42,0,0,128,,-1,-1
521,1,GATHER,109,0,0,-1,,2,5
521,1,ATTACK,117,0,0,128,,-1,-1
521,1,ATTACK,67,0,0,128,,-1,-1
521,1,ATTACK,132,0,0,128,,-1,-1
521,1,ATTACK,75,0,0,128,,-1,-1
521,1,ATTACK,121,0,0,128,,-1,-1
522,1,GATHER,0,0,0,-1,,2,5
522,1,GATHER,92,0,0,-1,,2,5
522,1,GATHER,96,0,0,-1,,2,5
522,1,GATHER,97,0,0,-1,,2,5
522,1,ATTACK,66,0,0,128,,-1,-1
522,1,ATTACK,88,0,0,128,,-1,-1
522,1,ATTACK,103,0,0,128,,-1,-1
522,1,ATTACK,140,0,0,128,,-1,-1
522,1,ATTACK,127,0,0,128,,-1,-1
523,1,ATTACK,62,0,0,128,,-1,-1
523,1,ATTACK,64,0,0,128,,-1,-1
524,1,ATTACK,137,0,0,128,,-1,-1
524,1,ATTACK,119,0,0,128,,-1,-1
525,1,ATTACK,114,0,0,128,,-1,-1
525,1,ATTACK,68,0,0,128,,-1,-1
525,1,ATTACK,136,0,0,128,,-1,-1
527,1,TRAIN,9,0,0,-1,ARCHER,-1,-1
527,1,ATTACK,141,0,0,128,,-1,-1
529,1,ATTACK,117,0,0,95,,-1,-1
529,1,ATTACK,132,0,0,89,,-1,-1
529,1,ATTACK,121,0,0,52,,-1,-1
530,1,ATTACK,42,0,0,38,,-1,-1
530,1,ATTACK,75,0,0,95,,-1,-1
531,0,TRAIN,6,0,0,-1,WARRIOR,-1,-1
531,0,ATTACK,142,0,0,75,,-1,-1
531,0,TRAIN,18,0,0,-1,ARCHER,-1,-1
531,0,TRAIN,26,0,0,-1,MONK,-1,-1
535,1,TRAIN,9,0,0,-1,ARCHER,-1,-1
535,1,ATTACK,68,0,0,131,,-1,-1
535,1,ATTACK,67,0,0,131,,-1,-1
535,1,HEAL,108,0,0,117,,-1,-1
535,1,HEAL,113,0,0,117,,-1,-1
538,0,HEAL,134,0,0,28,,-1,-1
538,1,ATTACK,100,0,0,131,,-1,-1
539,0,ATTACK,144,0,0,75,,-1,-1
539,1,REPAIR,0,0,0,5,,-1,-1
539,1,REPAIR,92,0,0,5,,-1,-1
539,1,ATTACK,42,0,0,131,,-1,-1
540,1,REPAIR,96,0,0,5,,-1,-1
540,1,REPAIR,97,0,0,5,,-1,-1
541,0,HEAL,145,0,0,28,,-1,-1
543,1,TRAIN,9,0,0,-1,ARCHER,-1,-1
544,1,GATHER,97,0,0,-1,,2,5
545,0,TRAIN,6,0,0,-1,WARRIOR,-1,-1
545,0,ATTACK,147,0,0,75,,-1,-1
545,1,GATHER,0,0,0,-1,,2,5
545,1,GATHER,92,0,0,-1,,2,5
545,1,GATHER,96,0,0,-1,,2,5
545,0,TRAIN,18,0,0,-1,ARCHER,-1,-1
546,1,ATTACK,117,0,0,131,,-1,-1
546,1,ATTACK,75,0,0,135,,-1,-1
548,1,HEAL,108,0,0,75,,-1,-1
548,1,HEAL,113,0,0,75,,-1,-1
549,0,HEAL,134,0,0,52,,-1,-1
549,0,HEAL,145,0,0,52,,-1,-1
549,1,ATTACK,123,0,0,131,,-1,-1
551,1,TRAIN,9,0,0,-1,ARCHER,-1,-1
553,0,ATTACK,149,0,0,75,,-1,-1
553,1,HEAL,108,0,0,75,,-1,-1
554,1,HEAL,113,0,0,117,,-1,-1
558,0,ATTACK,135,0,0,117,,-1,-1
558,0,ATTACK,142,0,0,117,,-1,-1
558,0,ATTACK,147,0,0,117,,-1,-1
558,0,ATTACK,149,0,0,117,,-1,-1
558,0,ATTACK,144,0,0,117,,-1,-1
558,1,ATTACK,123,0,0,135,,-1,-1
559,0,TRAIN,6,0,0,-1,WARRIOR,-1,-1
559,0,ATTACK,150,0,0,117,,-1,-1
559,1,TRAIN,9,0,0,-1,ARCHER,-1,-1
559,1,ATTACK,42,0,0,135,,-1,-1
559,1,ATTACK,117,0,0,89,,-1,-1
559,1,ATTACK,100,0,0,56,,-1,-1
559,1,ATTACK,148,0,0,135,,-1,-1
559,1,ATTACK,68,0,0,135,,-1,-1
559,1,ATTACK,67,0,0,135,,-1,-1
559,1,ATTACK,66,0,0,135,,-1,-1
559,1,ATTACK,88,0,0,135,,-1,-1
559,1,ATTACK,103,0,0,135,,-1,-1
559,1,ATTACK,140,0,0,135,,-1,-1
559,1,ATTACK,127,0,0,135,,-1,-1
560,1,ATTACK,132,0,0,135,,-1,-1
561,0,HEAL,134,0,0,135,,-1,-1
561,0,HEAL,145,0,0,135,,-1,-1
561,0,ATTACK,150,0,0,132,,-1,-1
561,0,ATTACK,135,0,0,132,,-1,-1
561,0,ATTACK,142,0,0,132,,-1,-1
561,0,ATTACK,147,0,0,132,,-1,-1
561,0,ATTACK,149,0,0,132,,-1,-1
561,0,ATTACK,144,0,0,132,,-1,-1
561,0,ATTACK,138,0,0,132,,-1,-1
561,1,ATTACK,121,0,0,135,,-1,-1
562,0,ATTACK,133,0,0,132,,-1,-1
563,1,HEAL,108,0,0,132,,-1,-1
566,1,HEAL,113,0,0,132,,-1,-1
567,1,REPAIR,0,0,0,5,,-1,-1
567,1,REPAIR,92,0,0,5,,-1,-1
567,1,TRAIN,9,0,0,-1,ARCHER,-1,-1
567,1,ATTACK,152,0,0,139,,-1,-1
567,1,ATTACK,148,0,0,139,,-1,-1
568,0,HEAL,134,0,0,56,,-1,-1
568,0,HEAL,145,0,0,56,,-1,-1
568,1,REPAIR,96,0,0,5,,-1,-1
568,1,REPAIR,97,0,0,5,,-1,-1
568,1,ATTACK,42,0,0,139,,-1,-1
568,1,ATTACK,123,0,0,56,,-1,-1
568,1,ATTACK,68,0,0,139,,-1,-1
568,1,ATTACK,67,0,0,139,,-1,-1
568,1,ATTACK,132,0,0,71,,-1,-1
568,1,ATTACK,66,0,0,139,,-1,-1
568,1,ATTACK,88,0,0,139,,-1,-1
568,1,ATTACK,103,0,0,139,,-1,-1
568,1,ATTACK,140,0,0,139,,-1,-1
568,1,ATTACK,121,0,0,76,,-1,-1
568,1,ATTACK,127,0,0,139,,-1,-1
569,1,REPAIR,109,0,0,5,,-1,-1
572,0,ATTACK,150,0,0,121,,-1,-1
572,0,ATTACK,139,0,0,121,,-1,-1
572,0,ATTACK,142,0,0,121,,-1,-1
572,0,ATTACK,147,0,0,121,,-1,-1
572,0,ATTACK,149,0,0,121,,-1,-1
572,0,ATTACK,144,0,0,121,,-1,-1
572,1,GATHER,109,0,0,-1,,2,5
573,0,TRAIN,6,0,0,-1,WARRIOR,-1,-1
573,0,ATTACK,153,0,0,121,,-1,-1
573,0,ATTACK,138,0,0,121,,-1,-1
573,0,ATTACK,133,0,0,121,,-1,-1
573,1,GATHER,0,0,0,-1,,2,5
573,1,GATHER,92,0,0,-1,,2,5
573,1,GATHER,96,0,0,-1,,2,5
573,0,TRAIN,18,0,0,-1,ARCHER,-1,-1
574,1,HEAL,108,0,0,121,,-1,-1
578,1,HEAL,113,0,0,121,,-1,-1
579,1,ATTACK,148,0,0,144,,-1,-1
579,1,ATTACK,68,0,0,144,,-1,-1
579,1,ATTACK,140,0,0,144,,-1,-1
580,0,HEAL,134,0,0,76,,-1,-1
580,0,HEAL,145,0,0,76,,-1,-1
580,1,ATTACK,42,0,0,144,,-1,-1
580,1,ATTACK,152,0,0,142,,-1,-1
580,1,ATTACK,100,0,0,71,,-1,-1
580,1,ATTACK,123,0,0,144,,-1,-1
580,1,ATTACK,64,0,0,144,,-1,-1
580,1,ATTACK,67,0,0,144,,-1,-1
580,1,ATTACK,66,0,0,144,,-1,-1
580,1,ATTACK,88,0,0,144,,-1,-1
580,1,ATTACK,103,0,0,144,,-1,-1
580,1,ATTACK,127,0,0,144,,-1,-1
580,1,ATTACK,146,0,0,144,,-1,-1
581,0,ATTACK,155,0,0,121,,-1,-1
581,1,TRAIN,9,0,0,-1,ARCHER,-1,-1
581,1,ATTACK,154,0,0,144,,-1,-1
583,0,ATTACK,153,0,0,100,,-1,-1
583,0,ATTACK,150,0,0,100,,-1,-1
583,0,ATTACK,142,0,0,42,,-1,-1
583,0,ATTACK,147,0,0,42,,-1,-1
583,0,ATTACK,149,0,0,100,,-1,-1
583,0,ATTACK,155,0,0,100,,-1,-1
583,1,ATTACK,123,0,0,142,,-1,-1
583,1,ATTACK,148,0,0,71,,-1,-1
583,1,ATTACK,154,0,0,142,,-1,-1
583,1,ATTACK,103,0,0,142,,-1,-1
583,1,ATTACK,140,0,0,142,,-1,-1
583,1,ATTACK,127,0,0,142,,-1,-1
583,1,ATTACK,146,0,0,142,,-1,-1
584,0,ATTACK,138,0,0,100,,-1,-1
584,0,ATTACK,133,0,0,100,,-1,-1
584,1,ATTACK,42,0,0,142,,-1,-1
584,1,ATTACK,64,0,0,71,,-1,-1
584,1,ATTACK,68,0,0,142,,-1,-1
584,1,ATTACK,67,0,0,142,,-1,-1
584,1,ATTACK,66,0,0,142,,-1,-1
584,1,ATTACK,88,0,0,142,,-1,-1
585,1,ATTACK,62,0,0,142,,-1,-1
586,1,ATTACK,137,0,0,142,,-1,-1
586,1,ATTACK,119,0,0,142,,-1,-1
586,1,ATTACK,143,0,0,142,,-1,-1
587,0,TRAIN,6,0,0,-1,WARRIOR,-1,-1
587,0,ATTACK,156,0,0,152,,-1,-1
587,1,GATHER,97,0,0,-1,,2,5
587,0,TRAIN,18,0,0,-1,ARCHER,-1,-1
588,1,HEAL,108,0,0,100,,-1,-1
589,1,TRAIN,9,0,0,-1,ARCHER,-1,-1
589,1,ATTACK,157,0,0,142,,-1,-1
590,1,HEAL,113,0,0,100,,-1,-1
591,1,ATTACK,141,0,0,133,,-1,-1
591,1,ATTACK,152,0,0,138,,-1,-1
591,1,ATTACK,45,0,0,133,,-1,-1
591,1,ATTACK,114,0,0,133,,-1,-1
591,1,ATTACK,123,0,0,71,,-1,-1
591,1,ATTACK,154,0,0,133,,-1,-1
591,1,ATTACK,137,0,0,133,,-1,-1
591,1,ATTACK,88,0,0,133,,-1,-1
591,1,ATTACK,119,0,0,133,,-1,-1
591,1,ATTACK,151,0,0,133,,-1,-1
591,1,ATTACK,103,0,0,133,,-1,-1
591,1,ATTACK,140,0,0,133,,-1,-1
591,1,ATTACK,157,0,0,133,,-1,-1
591,1,ATTACK,127,0,0,133,,-1,-1
591,1,ATTACK,143,0,0,133,,-1,-1
591,1,ATTACK,146,0,0,133,,-1,-1
592,1,ATTACK,42,0,0,133,,-1,-1
592,1,ATTACK,100,0,0,138,,-1,-1
592,1,ATTACK,62,0,0,133,,-1,-1
592,1,ATTACK,123,0,0,133,,-1,-1
592,1,ATTACK,148,0,0,133,,-1,-1
592,1,ATTACK,68,0,0,133,,-1,-1
592,1,ATTACK,67,0,0,133,,-1,-1
592,1,ATTACK,66,0,0,133,,-1,-1
593,1,ATTACK,148,0,0,138,,-1,-1
593,1,ATTACK,64,0,0,138,,-1,-1
593,1,ATTACK,154,0,0,138,,-1,-1
593,1,ATTACK,157,0,0,138,,-1,-1
594,1,ATTACK,42,0,0,138,,-1,-1
594,1,ATTACK,141,0,0,138,,-1,-1
594,1,ATTACK,45,0,0,138,,-1,-1
594,1,ATTACK,114,0,0,138,,-1,-1
594,1,ATTACK,62,0,0,138,,-1,-1
594,1,ATTACK,123,0,0,138,,-1,-1
594,1,ATTACK,68,0,0,138,,-1,-1
594,1,ATTACK,67,0,0,138,,-1,-1
594,1,ATTACK,66,0,0,138,,-1,-1
594,1,ATTACK,137,0,0,138,,-1,-1
594,1,ATTACK,88,0,0,138,,-1,-1
594,1,ATTACK,119,0,0,138,,-1,-1
594,1,ATTACK,151,0,0,138,,-1,-1
594,1,ATTACK,103,0,0,138,,-1,-1
594,1,ATTACK,140,0,0,138,,-1,-1
594,1,ATTACK,127,0,0,138,,-1,-1
594,1,ATTACK,143,0,0,138,,-1,-1
594,1,ATTACK,146,0,0,138,,-1,-1
595,0,ATTACK,158,0,0,152,,-1,-1
596,1,ATTACK,42,0,0,147,,-1,-1
596,1,ATTACK,152,0,0,76,,-1,-1
596,1,ATTACK,100,0,0,46,,-1,-1
596,1,ATTACK,123,0,0,147,,-1,-1
596,1,ATTACK,148,0,0,147,,-1,-1
596,1,ATTACK,64,0,0,147,,-1,-1
596,1,ATTACK,140,0,0,147,,-1,-1
596,1,ATTACK,146,0,0,147,,-1,-1
597,1,TRAIN,9,0,0,-1,ARCHER,-1,-1
597,1,HEAL,108,0,0,152,,-1,-1
598,1,ATTACK,68,0,0,147,,-1,-1
598,1,ATTACK,67,0,0,147,,-1,-1
599,1,ATTACK,154,0,0,147,,-1,-1
599,1,ATTACK,88,0,0,147,,-1,-1
599,1,ATTACK,159,0,0,147,,-1,-1
599,1,ATTACK,103,0,0,147,,-1,-1
599,1,ATTACK,127,0,0,147,,-1,-1
600,1,ATTACK,62,0,0,147,,-1,-1
600,1,ATTACK,66,0,0,147,,-1,-1
600,1,ATTACK,119,0,0,147,,-1,-1
600,1,ATTACK,157,0,0,147,,-1,-1
600,1,ATTACK,143,0,0,147,,-1,-1
601,0,TRAIN,6,0,0,-1,WARRIOR,-1,-1
601,0,ATTACK,160,0,0,152,,-1,-1
602,0,TRAIN,18,0,0,-1,ARCHER,-1,-1
602,1,HEAL,113,0,0,152,,-1,-1
603,1,GATHER,109,0,0,-1,,3,5
604,1,GATHER,0,0,0,-1,,3,5
604,1,GATHER,92,0,0,-1,,3,5
604,1,GATHER,96,0,0,-1,,3,5
604,1,GATHER,97,0,0,-1,,3,5
605,1,TRAIN,9,0,0,-1,ARCHER,-1,-1
605,1,ATTACK,42,0,0,76,,-1,-1
608,1,ATTACK,148,0,0,150,,-1,-1
608,1,ATTACK,64,0,0,150,,-1,-1
608,1,ATTACK,140,0,0,150,,-1,-1
609,1,ATTACK,152,0,0,150,,-1,-1
609,1,ATTACK,123,0,0,150,,-1,-1
609,1,ATTACK,146,0,0,150,,-1,-1
609,1,HEAL,108,0,0,152,,-1,-1
610,0,HEAL,134,0,0,46,,-1,-1
610,0,HEAL,145,0,0,46,,-1,-1
610,0,ATTACK,162,0,0,152,,-1,-1
610,1,ATTACK,42,0,0,150,,-1,-1
610,1,ATTACK,68,0,0,150,,-1,-1
610,1,ATTACK,67,0,0,150,,-1,-1
611,1,ATTACK,161,0,0,150,,-1,-1
611,1,ATTACK,154,0,0,150,,-1,-1
611,1,ATTACK,88,0,0,150,,-1,-1
611,1,ATTACK,159,0,0,150,,-1,-1
611,1,ATTACK,103,0,0,150,,-1,-1
611,1,ATTACK,127,0,0,150,,-1,-1
612,1,ATTACK,66,0,0,150,,-1,-1
612,1,ATTACK,157,0,0,150,,-1,-1
613,1,ATTACK,62,0,0,150,,-1,-1
613,1,ATTACK,119,0,0,150,,-1,-1
613,1,ATTACK,143,0,0,150,,-1,-1
614,1,HEAL,113,0,0,152,,-1,-1
615,0,TRAIN,6,0,0,-1,WARRIOR,-1,-1
615,0,ATTACK,163,0,0,152,,-1,-1
616,0,TRAIN,18,0,0,-1,ARCHER,-1,-1
616,0,HEAL,134,0,0,46,,-1,-1
616,1,ATTACK,152,0,0,153,,-1,-1
617,0,HEAL,134,0,0,46,,-1,-1
617,1,ATTACK,42,0,0,153,,-1,-1
618,0,HEAL,134,0,0,46,,-1,-1
618,1,ATTACK,148,0,0,153,,-1,-1
618,1,ATTACK,64,0,0,153,,-1,-1
618,1,ATTACK,140,0,0,153,,-1,-1
619,0,HEAL,134,0,0,153,,-1,-1
619,1,ATTACK,123,0,0,153,,-1,-1
619,1,ATTACK,146,0,0,153,,-1,-1
621,1,ATTACK,68,0,0,153,,-1,-1
621,1,ATTACK,67,0,0,153,,-1,-1
621,1,HEAL,108,0,0,152,,-1,-1
622,1,ATTACK,161,0,0,153,,-1,-1
622,1,ATTACK,154,0,0,153,,-1,-1
622,1,ATTACK,88,0,0,153,,-1,-1
622,1,ATTACK,159,0,0,153,,-1,-1
622,1,ATTACK,103,0,0,153,,-1,-1
622,1,ATTACK,127,0,0,153,,-1,-1
623,1,ATTACK,66,0,0,153,,-1,-1
623,1,ATTACK,157,0,0,153,,-1,-1
624,0,ATTACK,164,0,0,97,,-1,-1
624,1,REPAIR,0,0,0,5,,-1,-1
624,1,REPAIR,92,0,0,5,,-1,-1
624,1,ATTACK,62,0,0,153,,-1,-1
624,1,ATTACK,119,0,0,153,,-1,-1
624,1,ATTACK,143,0,0,153,,-1,-1
625,1,REPAIR,96,0,0,5,,-1,-1
625,1,REPAIR,97,0,0,5,,-1,-1
626,1,REPAIR,109,0,0,5,,-1,-1
626,1,HEAL,113,0,0,152,,-1,-1
627,0,HEAL,134,0,0,46,,-1,-1
627,0,ATTACK,155,0,0,109,,-1,-1
627,0,ATTACK,164,0,0,109,,-1,-1
627,1,TRAIN,5,0,0,-1,PAWN,-1,-1
627,1,ATTACK,152,0,0,156,,-1,-1
628,0,HEAL,134,0,0,46,,-1,-1
628,1,ATTACK,42,0,0,46,,-1,-1
629,0,TRAIN,6,0,0,-1,WARRIOR,-1,-1
629,0,MOVE,134,34,21,-1,,-1,-1
629,0,ATTACK,165,0,0,152,,-1,-1
630,0,TRAIN,18,0,0,-1,ARCHER,-1,-1
630,0,MOVE,134,34,22,-1,,-1,-1
630,1,ATTACK,148,0,0,158,,-1,-1
630,1,ATTACK,64,0,0,158,,-1,-1
630,1,ATTACK,140,0,0,158,,-1,-1
631,0,HEAL,134,0,0,46,,-1,-1
631,1,REPAIR,166,0,0,5,,-1,-1
631,1,ATTACK,123,0,0,158,,-1,-1
631,1,ATTACK,68,0,0,158,,-1,-1
631,1,ATTACK,67,0,0,158,,-1,-1
631,1,ATTACK,88,0,0,158,,-1,-1
631,1,ATTACK,146,0,0,158,,-1,-1
632,0,HEAL,134,0,0,158,,-1,-1
635,1,TRAIN,9,0,0,-1,ARCHER,-1,-1
635,1,ATTACK,161,0,0,156,,-1,-1
635,1,ATTACK,148,0,0,156,,-1,-1
635,1,ATTACK,140,0,0,156,,-1,-1
635,1,ATTACK,146,0,0,156,,-1,-1
635,1,HEAL,108,0,0,152,,-1,-1
636,0,HEAL,134,0,0,46,,-1,-1
636,1,ATTACK,123,0,0,156,,-1,-1
636,1,ATTACK,64,0,0,156,,-1,-1
636,1,ATTACK,68,0,0,156,,-1,-1
636,1,ATTACK,67,0,0,156,,-1,-1
636,1,ATTACK,88,0,0,46,,-1,-1
637,0,HEAL,134,0,0,46,,-1,-1
638,0,HEAL,134,0,0,156,,-1,-1
638,0,ATTACK,155,0,0,42,,-1,-1
638,0,ATTACK,164,0,0,42,,-1,-1
638,0,ATTACK,168,0,0,42,,-1,-1
638,1,TRAIN,5,0,0,-1,PAWN,-1,-1
638,1,GATHER,166,0,0,-1,,3,5
638,1,HEAL,113,0,0,152,,-1,-1
639,1,GATHER,0,0,0,-1,,3,5
641,0,ATTACK,156,0,0,161,,-1,-1
641,0,ATTACK,165,0,0,42,,-1,-1
641,0,ATTACK,160,0,0,42,,-1,-1
641,0,ATTACK,163,0,0,42,,-1,-1
641,0,ATTACK,162,0,0,42,,-1,-1
642,0,ATTACK,149,0,0,42,,-1,-1
642,1,GATHER,169,0,0,-1,,3,5
642,1,GATHER,92,0,0,-1,,3,5
643,0,TRAIN,6,0,0,-1,WARRIOR,-1,-1
643,0,ATTACK,170,0,0,42,,-1,-1
643,1,TRAIN,9,0,0,-1,ARCHER,-1,-1
643,1,ATTACK,154,0,0,156,,-1,-1
643,1,ATTACK,66,0,0,156,,-1,-1
643,1,ATTACK,159,0,0,156,,-1,-1
643,1,ATTACK,103,0,0,156,,-1,-1
643,1,ATTACK,171,0,0,156,,-1,-1
643,1,ATTACK,127,0,0,156,,-1,-1
643,1,ATTACK,167,0,0,156,,-1,-1
644,1,ATTACK,62,0,0,156,,-1,-1
644,1,ATTACK,157,0,0,156,,-1,-1
645,1,GATHER,96,0,0,-1,,3,5
645,1,ATTACK,161,0,0,134,,-1,-1
645,1,ATTACK,148,0,0,134,,-1,-1
645,1,HEAL,108,0,0,42,,-1,-1
646,0,HEAL,134,0,0,46,,-1,-1
646,1,ATTACK,64,0,0,134,,-1,-1
646,1,ATTACK,88,0,0,46,,-1,-1
646,1,ATTACK,140,0,0,134,,-1,-1
647,0,HEAL,134,0,0,46,,-1,-1
648,0,HEAL,134,0,0,46,,-1,-1
649,0,MOVE,134,32,20,-1,,-1,-1
650,1,HEAL,113,0,0,42,,-1,-1
651,0,HEAL,145,0,0,46,,-1,-1
651,0,ATTACK,149,0,0,0,,-1,-1
651,0,ATTACK,162,0,0,0,,-1,-1
651,0,ATTACK,155,0,0,0,,-1,-1
651,0,ATTACK,165,0,0,0,,-1,-1
651,0,ATTACK,160,0,0,0,,-1,-1
651,0,ATTACK,170,0,0,0,,-1,-1
651,0,ATTACK,163,0,0,0,,-1,-1
651,0,ATTACK,164,0,0,0,,-1,-1
651,0,ATTACK,168,0,0,0,,-1,-1
651,1,ATTACK,161,0,0,160,,-1,-1
651,1,ATTACK,148,0,0,160,,-1,-1
651,1,ATTACK,64,0,0,160,,-1,-1
651,1,ATTACK,88,0,0,162,,-1,-1
651,1,ATTACK,140,0,0,160,,-1,-1
652,0,MOVE,145,31,20,-1,,-1,-1
652,1,HEAL,108,0,0,100,,-1,-1
652,1,HEAL,113,0,0,100,,-1,-1
653,0,HEAL,145,0,0,46,,-1,-1
654,0,HEAL,145,0,0,160,,-1,-1
654,1,ATTACK,123,0,0,160,,-1,-1
655,0,MOVE,145,31,20,-1,,-1,-1
655,0,ATTACK,160,0,0,92,,-1,-1
655,0,ATTACK,149,0,0,92,,-1,-1
655,0,ATTACK,162,0,0,92,,-1,-1
655,0,ATTACK,155,0,0,92,,-1,-1
655,0,ATTACK,165,0,0,92,,-1,-1
655,0,ATTACK,170,0,0,92,,-1,-1
655,0,ATTACK,163,0,0,92,,-1,-1
655,0,ATTACK,164,0,0,92,,-1,-1
655,0,ATTACK,168,0,0,92,,-1,-1
655,1,TRAIN,5,0,0,-1,PAWN,-1,-1
656,0,HEAL,145,0,0,160,,-1,-1
657,0,TRAIN,6,0,0,-1,WARRIOR,-1,-1
657,0,HEAL,145,0,0,162,,-1,-1
657,0,ATTACK,172,0,0,92,,-1,-1
657,0,TRAIN,18,0,0,-1,ARCHER,-1,-1
658,0,TRAIN,26,0,0,-1,MONK,-1,-1
658,0,HEAL,145,0,0,46,,-1,-1
658,0,ATTACK,160,0,0,96,,-1,-1
658,0,ATTACK,162,0,0,96,,-1,-1
658,0,ATTACK,155,0,0,96,,-1,-1
658,0,ATTACK,172,0,0,96,,-1,-1
658,0,ATTACK,165,0,0,96,,-1,-1
658,0,ATTACK,170,0,0,96,,-1,-1
658,0,ATTACK,163,0,0,148,,-1,-1
658,0,ATTACK,164,0,0,96,,-1,-1
658,0,ATTACK,168,0,0,96,,-1,-1
659,0,HEAL,145,0,0,160,,-1,-1
659,0,ATTACK,149,0,0,64,,-1,-1
659,1,TRAIN,5,0,0,-1,PAWN,-1,-1
659,1,GATHER,173,0,0,-1,,3,5
660,0,HEAL,145,0,0,160,,-1,-1
661,0,HEAL,145,0,0,160,,-1,-1
661,0,ATTACK,164,0,0,64,,-1,-1
661,0,ATTACK,162,0,0,64,,-1,-1
661,0,ATTACK,172,0,0,148,,-1,-1
661,0,ATTACK,165,0,0,148,,-1,-1
661,0,ATTACK,170,0,0,148,,-1,-1
661,0,ATTACK,168,0,0,64,,-1,-1
662,0,HEAL,145,0,0,162,,-1,-1
662,0,ATTACK,155,0,0,64,,-1,-1
662,0,ATTACK,160,0,0,64,,-1,-1
663,0,MOVE,145,31,20,-1,,-1,-1
663,1,TRAIN,5,0,0,-1,PAWN,-1,-1
663,1,GATHER,174,0,0,-1,,3,5
663,1,HEAL,108,0,0,64,,-1,-1
663,1,HEAL,113,0,0,64,,-1,-1
665,0,ATTACK,175,0,0,64,,-1,-1
668,0,HEAL,177,0,0,46,,-1,-1
669,1,HEAL,108,0,0,64,,-1,-1
669,1,HEAL,113,0,0,64,,-1,-1
671,0,TRAIN,6,0,0,-1,WARRIOR,-1,-1
671,0,ATTACK,178,0,0,148,,-1,-1
672,0,TRAIN,18,0,0,-1,ARCHER,-1,-1
672,0,ATTACK,160,0,0,64,,-1,-1
672,1,TRAIN,5,0,0,-1,PAWN,-1,-1
674,0,HEAL,145,0,0,46,,-1,-1
674,0,ATTACK,164,0,0,148,,-1,-1
674,0,ATTACK,162,0,0,148,,-1,-1
674,0,ATTACK,168,0,0,148,,-1,-1
674,0,ATTACK,175,0,0,148,,-1,-1
674,1,HEAL,113,0,0,148,,-1,-1
675,0,ATTACK,149,0,0,140,,-1,-1
675,0,ATTACK,155,0,0,140,,-1,-1
675,0,ATTACK,160,0,0,140,,-1,-1
675,1,ATTACK,146,0,0,163,,-1,-1
677,0,MOVE,145,31,20,-1,,-1,-1
679,0,ATTACK,163,0,0,140,,-1,-1
679,0,ATTACK,164,0,0,140,,-1,-1
679,0,ATTACK,168,0,0,140,,-1,-1
679,0,ATTACK,172,0,0,140,,-1,-1
679,0,ATTACK,178,0,0,140,,-1,-1
679,0,ATTACK,165,0,0,140,,-1,-1
679,0,ATTACK,170,0,0,140,,-1,-1
679,0,ATTACK,175,0,0,140,,-1,-1
680,0,ATTACK,162,0,0,140,,-1,-1
680,0,ATTACK,180,0,0,140,,-1,-1
681,1,HEAL,108,0,0,140,,-1,-1
682,0,ATTACK,164,0,0,123,,-1,-1
682,0,ATTACK,168,0,0,123,,-1,-1
682,0,ATTACK,172,0,0,123,,-1,-1
682,0,ATTACK,178,0,0,123,,-1,-1
682,0,ATTACK,165,0,0,123,,-1,-1
682,0,ATTACK,170,0,0,123,,-1,-1
682,0,ATTACK,175,0,0,123,,-1,-1
682,0,ATTACK,180,0,0,123,,-1,-1
683,0,ATTACK,163,0,0,123,,-1,-1
683,0,ATTACK,149,0,0,123,,-1,-1
683,0,ATTACK,162,0,0,123,,-1,-1
683,0,ATTACK,155,0,0,123,,-1,-1
683,0,ATTACK,160,0,0,123,,-1,-1
684,1,ATTACK,161,0,0,163,,-1,-1
685,0,TRAIN,6,0,0,-1,WARRIOR,-1,-1
685,0,ATTACK,181,0,0,123,,-1,-1
685,1,ATTACK,123,0,0,163,,-1,-1
686,0,HEAL,145,0,0,162,,-1,-1
686,1,HEAL,113,0,0,123,,-1,-1
687,1,REPAIR,169,0,0,5,,-1,-1
687,1,REPAIR,176,0,0,5,,-1,-1
688,0,ATTACK,149,0,0,161,,-1,-1
688,0,ATTACK,162,0,0,108,,-1,-1
688,0,ATTACK,155,0,0,169,,-1,-1
688,0,ATTACK,172,0,0,161,,-1,-1
688,0,ATTACK,178,0,0,161,,-1,-1
688,0,ATTACK,165,0,0,161,,-1,-1
688,0,ATTACK,181,0,0,161,,-1,-1
688,0,ATTACK,170,0,0,161,,-1,-1
688,0,ATTACK,163,0,0,161,,-1,-1
688,0,ATTACK,175,0,0,161,,-1,-1
688,0,ATTACK,180,0,0,161,,-1,-1
688,0,ATTACK,164,0,0,169,,-1,-1
688,0,ATTACK,168,0,0,161,,-1,-1
688,1,REPAIR,173,0,0,5,,-1,-1
688,1,REPAIR,174,0,0,5,,-1,-1
689,1,REPAIR,179,0,0,5,,-1,-1
690,1,ATTACK,68,0,0,163,,-1,-1
690,1,ATTACK,67,0,0,165,,-1,-1
691,1,ATTACK,154,0,0,163,,-1,-1
691,1,ATTACK,159,0,0,163,,-1,-1
693,1,TRAIN,9,0,0,-1,ARCHER,-1,-1
693,1,ATTACK,182,0,0,163,,-1,-1
693,1,HEAL,108,0,0,161,,-1,-1
694,0,HEAL,145,0,0,46,,-1,-1
694,0,ATTACK,164,0,0,161,,-1,-1
694,1,TRAIN,84,0,0,-1,MONK,-1,-1
694,1,ATTACK,88,0,0,163,,-1,-1
695,0,HEAL,177,0,0,163,,-1,-1
695,0,HEAL,145,0,0,163,,-1,-1
695,1,ATTACK,100,0,0,163,,-1,-1
698,0,ATTACK,163,0,0,154,,-1,-1
698,0,ATTACK,172,0,0,154,,-1,-1
698,0,ATTACK,178,0,0,154,,-1,-1
698,0,ATTACK,165,0,0,154,,-1,-1
698,0,ATTACK,181,0,0,154,,-1,-1
698,0,ATTACK,170,0,0,154,,-1,-1
698,0,ATTACK,175,0,0,154,,-1,-1
698,0,ATTACK,180,0,0,154,,-1,-1
698,0,ATTACK,164,0,0,154,,-1,-1
698,0,ATTACK,168,0,0,154,,-1,-1
699,0,TRAIN,6,0,0,-1,WARRIOR,-1,-1
699,0,ATTACK,149,0,0,154,,-1,-1
699,0,ATTACK,155,0,0,154,,-1,-1
699,0,ATTACK,183,0,0,154,,-1,-1
699,1,TRAIN,5,0,0,-1,PAWN,-1,-1
699,0,TRAIN,18,0,0,-1,ARCHER,-1,-1
700,1,HEAL,113,0,0,154,,-1,-1
701,1,TRAIN,9,0,0,-1,ARCHER,-1,-1
701,1,ATTACK,184,0,0,163,,-1,-1
702,0,MOVE,177,31,21,-1,,-1,-1
702,0,MOVE,145,31,21,-1,,-1,-1
702,1,ATTACK,100,0,0,165,,-1,-1
702,1,ATTACK,182,0,0,170,,-1,-1
702,1,ATTACK,154,0,0,101,,-1,-1
702,1,ATTACK,159,0,0,85,,-1,-1
702,1,ATTACK,146,0,0,165,,-1,-1
703,1,ATTACK,68,0,0,165,,-1,-1
703,1,ATTACK,67,0,0,170,,-1,-1
703,1,ATTACK,88,0,0,101,,-1,-1
704,0,ATTACK,175,0,0,182,,-1,-1
704,0,ATTACK,172,0,0,182,,-1,-1
704,0,ATTACK,183,0,0,182,,-1,-1
704,0,ATTACK,178,0,0,182,,-1,-1
704,0,ATTACK,181,0,0,182,,-1,-1
704,0,ATTACK,170,0,0,182,,-1,-1
704,0,ATTACK,180,0,0,182,,-1,-1
704,0,ATTACK,168,0,0,182,,-1,-1
705,0,HEAL,177,0,0,165,,-1,-1
705,0,HEAL,145,0,0,165,,-1,-1
705,0,ATTACK,149,0,0,182,,-1,-1
705,0,ATTACK,155,0,0,182,,-1,-1
705,0,ATTACK,165,0,0,182,,-1,-1
705,0,ATTACK,164,0,0,182,,-1,-1
706,1,ATTACK,184,0,0,165,,-1,-1
706,1,ATTACK,103,0,0,165,,-1,-1
706,1,ATTACK,171,0,0,165,,-1,-1
706,1,ATTACK,127,0,0,165,,-1,-1
706,1,ATTACK,167,0,0,165,,-1,-1
707,0,ATTACK,187,0,0,182,,-1,-1
707,1,HEAL,186,0,0,182,,-1,-1
710,0,ATTACK,175,0,0,159,,-1,-1
710,0,ATTACK,183,0,0,159,,-1,-1
710,0,ATTACK,178,0,0,159,,-1,-1
710,0,ATTACK,181,0,0,159,,-1,-1
710,0,ATTACK,180,0,0,159,,-1,-1
710,0,ATTACK,187,0,0,159,,-1,-1
711,0,ATTACK,149,0,0,159,,-1,-1
711,0,ATTACK,164,0,0,159,,-1,-1
711,0,ATTACK,168,0,0,159,,-1,-1
711,0,ATTACK,155,0,0,159,,-1,-1
711,0,ATTACK,172,0,0,159,,-1,-1
711,0,ATTACK,165,0,0,159,,-1,-1
711,0,ATTACK,170,0,0,159,,-1,-1
712,1,HEAL,186,0,0,159,,-1,-1
712,1,HEAL,113,0,0,159,,-1,-1
713,0,TRAIN,6,0,0,-1,WARRIOR,-1,-1
713,0,ATTACK,188,0,0,159,,-1,-1
713,1,ATTACK,66,0,0,170,,-1,-1
713,1,ATTACK,157,0,0,170,,-1,-1
714,0,TRAIN,18,0,0,-1,ARCHER,-1,-1
714,0,HEAL,145,0,0,165,,-1,-1
715,0,HEAL,145,0,0,165,,-1,-1
715,1,TRAIN,9,0,0,-1,ARCHER,-1,-1
715,1,ATTACK,189,0,0,170,,-1,-1
716,0,MOVE,145,31,22,-1,,-1,-1
716,0,ATTACK,170,0,0,113,,-1,-1
716,0,ATTACK,175,0,0,113,,-1,-1
716,0,ATTACK,172,0,0,88,,-1,-1
716,0,ATTACK,183,0,0,100,,-1,-1
716,0,ATTACK,178,0,0,100,,-1,-1
716,0,ATTACK,188,0,0,88,,-1,-1
716,0,ATTACK,181,0,0,88,,-1,-1
716,0,ATTACK,180,0,0,100,,-1,-1
716,0,ATTACK,187,0,0,100,,-1,-1
717,0,ATTACK,149,0,0,113,,-1,-1
717,0,ATTACK,164,0,0,113,,-1,-1
717,0,ATTACK,168,0,0,113,,-1,-1
717,0,ATTACK,155,0,0,113,,-1,-1
717,0,ATTACK,165,0,0,100,,-1,-1
718,0,HEAL,177,0,0,85,,-1,-1
718,1,ATTACK,184,0,0,172,,-1,-1
718,1,ATTACK,100,0,0,170,,-1,-1
718,1,ATTACK,68,0,0,168,,-1,-1
718,1,ATTACK,88,0,0,164,,-1,-1
718,1,ATTACK,103,0,0,172,,-1,-1
718,1,ATTACK,171,0,0,172,,-1,-1
718,1,ATTACK,127,0,0,172,,-1,-1
718,1,ATTACK,167,0,0,172,,-1,-1
718,1,ATTACK,146,0,0,172,,-1,-1
719,1,ATTACK,67,0,0,172,,-1,-1
720,0,ATTACK,172,0,0,157,,-1,-1
720,0,ATTACK,170,0,0,157,,-1,-1
720,0,ATTACK,175,0,0,157,,-1,-1
720,1,TRAIN,84,0,0,-1,MONK,-1,-1
721,0,ATTACK,149,0,0,157,,-1,-1
721,0,ATTACK,164,0,0,157,,-1,-1
721,0,ATTACK,168,0,0,157,,-1,-1
721,0,ATTACK,155,0,0,157,,-1,-1
721,1,HEAL,186,0,0,157,,-1,-1
722,0,HEAL,145,0,0,85,,-1,-1
722,0,ATTACK,190,0,0,189,,-1,-1
723,0,MOVE,145,31,21,-1,,-1,-1
723,1,TRAIN,9,0,0,-1,ARCHER,-1,-1
723,1,ATTACK,191,0,0,172,,-1,-1
724,0,ATTACK,175,0,0,189,,-1,-1
724,0,ATTACK,180,0,0,189,,-1,-1
725,0,ATTACK,172,0,0,189,,-1,-1
725,0,ATTACK,170,0,0,189,,-1,-1
725,0,ATTACK,149,0,0,189,,-1,-1
725,0,ATTACK,164,0,0,189,,-1,-1
725,0,ATTACK,168,0,0,189,,-1,-1
725,0,ATTACK,155,0,0,189,,-1,-1
726,1,HEAL,186,0,0,189,,-1,-1
727,0,TRAIN,6,0,0,-1,WARRIOR,-1,-1
727,0,ATTACK,192,0,0,189,,-1,-1
729,0,ATTACK,164,0,0,191,,-1,-1
729,0,ATTACK,168,0,0,191,,-1,-1
729,0,ATTACK,172,0,0,191,,-1,-1
729,0,ATTACK,178,0,0,191,,-1,-1
729,0,ATTACK,170,0,0,191,,-1,-1
729,0,ATTACK,192,0,0,191,,-1,-1
729,0,ATTACK,175,0,0,191,,-1,-1
729,0,ATTACK,180,0,0,191,,-1,-1
729,0,ATTACK,190,0,0,191,,-1,-1
729,0,ATTACK,155,0,0,191,,-1,-1
730,0,ATTACK,149,0,0,191,,-1,-1
730,1,ATTACK,62,0,0,172,,-1,-1
730,1,ATTACK,119,0,0,170,,-1,-1
730,1,ATTACK,143,0,0,172,,-1,-1
731,1,TRAIN,9,0,0,-1,ARCHER,-1,-1
731,1,ATTACK,141,0,0,170,,-1,-1
731,1,ATTACK,114,0,0,170,,-1,-1
731,1,ATTACK,137,0,0,170,,-1,-1
731,1,ATTACK,194,0,0,178,,-1,-1
731,1,HEAL,186,0,0,191,,-1,-1
731,1,HEAL,193,0,0,191,,-1,-1
732,1,ATTACK,184,0,0,170,,-1,-1
732,1,ATTACK,191,0,0,178,,-1,-1
732,1,ATTACK,171,0,0,170,,-1,-1
733,1,ATTACK,62,0,0,170,,-1,-1
733,1,ATTACK,67,0,0,178,,-1,-1
733,1,ATTACK,103,0,0,170,,-1,-1
733,1,ATTACK,127,0,0,170,,-1,-1
733,1,ATTACK,167,0,0,170,,-1,-1
733,1,ATTACK,143,0,0,168,,-1,-1
733,1,ATTACK,146,0,0,175,,-1,-1
734,0,HEAL,145,0,0,170,,-1,-1
734,0,ATTACK,175,0,0,100,,-1,-1
734,0,ATTACK,180,0,0,100,,-1,-1
734,0,ATTACK,168,0,0,100,,-1,-1
734,0,ATTACK,178,0,0,88,,-1,-1
734,0,ATTACK,170,0,0,88,,-1,-1
734,0,ATTACK,192,0,0,88,,-1,-1
734,0,ATTACK,190,0,0,100,,-1,-1
735,0,ATTACK,164,0,0,100,,-1,-1
735,0,ATTACK,155,0,0,100,,-1,-1
735,0,ATTACK,149,0,0,100,,-1,-1
735,1,ATTACK,45,0,0,170,,-1,-1
735,1,ATTACK,136,0,0,170,,-1,-1
735,1,HEAL,186,0,0,100,,-1,-1
735,1,HEAL,193,0,0,100,,-1,-1
736,0,HEAL,145,0,0,168,,-1,-1
736,1,ATTACK,141,0,0,178,,-1,-1
736,1,ATTACK,184,0,0,178,,-1,-1
736,1,ATTACK,137,0,0,178,,-1,-1
736,1,ATTACK,171,0,0,178,,-1,-1
736,1,ATTACK,167,0,0,178,,-1,-1
737,1,ATTACK,100,0,0,178,,-1,-1
737,1,ATTACK,45,0,0,178,,-1,-1
737,1,ATTACK,114,0,0,181,,-1,-1
737,1,ATTACK,62,0,0,178,,-1,-1
737,1,ATTACK,66,0,0,178,,-1,-1
737,1,ATTACK,119,0,0,168,,-1,-1
737,1,ATTACK,103,0,0,178,,-1,-1
737,1,ATTACK,127,0,0,178,,-1,-1
739,1,TRAIN,9,0,0,-1,ARCHER,-1,-1
740,0,HEAL,145,0,0,164,,-1,-1
740,1,ATTACK,143,0,0,178,,-1,-1
741,0,TRAIN,6,0,0,-1,WARRIOR,-1,-1
741,0,ATTACK,175,0,0,119,,-1,-1
741,0,ATTACK,180,0,0,119,,-1,-1
741,0,ATTACK,164,0,0,119,,-1,-1
741,0,ATTACK,155,0,0,119,,-1,-1
741,0,ATTACK,183,0,0,119,,-1,-1
741,0,ATTACK,196,0,0,119,,-1,-1
741,0,ATTACK,187,0,0,119,,-1,-1
741,0,ATTACK,190,0,0,119,,-1,-1
741,1,ATTACK,68,0,0,178,,-1,-1
741,1,ATTACK,119,0,0,181,,-1,-1
741,1,HEAL,186,0,0,119,,-1,-1
741,1,HEAL,193,0,0,119,,-1,-1
741,0,TRAIN,18,0,0,-1,ARCHER,-1,-1
744,0,ATTACK,175,0,0,45,,-1,-1
744,0,ATTACK,180,0,0,45,,-1,-1
744,0,ATTACK,164,0,0,45,,-1,-1
744,0,ATTACK,183,0,0,45,,-1,-1
744,0,ATTACK,181,0,0,45,,-1,-1
744,0,ATTACK,196,0,0,45,,-1,-1
744,0,ATTACK,187,0,0,45,,-1,-1
744,0,ATTACK,190,0,0,45,,-1,-1
744,1,ATTACK,141,0,0,181,,-1,-1
744,1,ATTACK,184,0,0,181,,-1,-1
744,1,ATTACK,194,0,0,181,,-1,-1
744,1,ATTACK,171,0,0,181,,-1,-1
744,1,ATTACK,167,0,0,181,,-1,-1
744,1,ATTACK,143,0,0,155,,-1,-1
745,0,ATTACK,155,0,0,45,,-1,-1
745,0,ATTACK,149,0,0,45,,-1,-1
745,1,ATTACK,45,0,0,181,,-1,-1
745,1,ATTACK,62,0,0,181,,-1,-1
745,1,ATTACK,68,0,0,155,,-1,-1
745,1,ATTACK,67,0,0,181,,-1,-1
745,1,ATTACK,66,0,0,181,,-1,-1
745,1,ATTACK,137,0,0,181,,-1,-1
745,1,ATTACK,103,0,0,181,,-1,-1
745,1,ATTACK,127,0,0,181,,-1,-1
746,1,HEAL,186,0,0,45,,-1,-1
746,1,HEAL,193,0,0,45,,-1,-1
747,1,REPAIR,176,0,0,5,,-1,-1
747,1,REPAIR,173,0,0,5,,-1,-1
747,1,TRAIN,9,0,0,-1,ARCHER,-1,-1
748,1,REPAIR,174,0,0,5,,-1,-1
748,1,REPAIR,185,0,0,5,,-1,-1
749,0,ATTACK,175,0,0,88,,-1,-1
749,0,ATTACK,180,0,0,88,,-1,-1
749,0,ATTACK,187,0,0,88,,-1,-1
749,0,ATTACK,183,0,0,88,,-1,-1
749,0,ATTACK,181,0,0,88,,-1,-1
749,0,ATTACK,196,0,0,88,,-1,-1
749,0,ATTACK,198,0,0,88,,-1,-1
749,0,ATTACK,190,0,0,88,,-1,-1
750,0,HEAL,145,0,0,175,,-1,-1
750,0,ATTACK,155,0,0,88,,-1,-1
750,0,ATTACK,149,0,0,88,,-1,-1
750,1,ATTACK,197,0,0,181,,-1,-1
750,1,ATTACK,88,0,0,155,,-1,-1
750,1,ATTACK,151,0,0,181,,-1,-1
750,1,ATTACK,136,0,0,181,,-1,-1
751,0,HEAL,145,0,0,181,,-1,-1
751,1,ATTACK,72,0,0,181,,-1,-1
751,1,ATTACK,125,0,0,181,,-1,-1
751,1,ATTACK,195,0,0,181,,-1,-1
751,1,ATTACK,130,0,0,181,,-1,-1
751,1,HEAL,186,0,0,88,,-1,-1
751,1,HEAL,193,0,0,88,,-1,-1
752,0,HEAL,145,0,0,155,,-1,-1
752,1,ATTACK,141,0,0,155,,-1,-1
753,1,ATTACK,114,0,0,183,,-1,-1
753,1,ATTACK,67,0,0,155,,-1,-1
754,1,ATTACK,184,0,0,183,,-1,-1
754,1,ATTACK,103,0,0,183,,-1,-1
754,1,ATTACK,171,0,0,183,,-1,-1
754,1,ATTACK,127,0,0,183,,-1,-1
754,1,ATTACK,167,0,0,183,,-1,-1
755,0,TRAIN,6,0,0,-1,WARRIOR,-1,-1
755,0,ATTACK,199,0,0,88,,-1,-1
755,1,TRAIN,9,0,0,-1,ARCHER,-1,-1
755,1,ATTACK,66,0,0,183,,-1,-1
755,1,ATTACK,194,0,0,183,,-1,-1
756,0,TRAIN,18,0,0,-1,ARCHER,-1,-1
756,0,HEAL,145,0,0,175,,-1,-1
756,0,ATTACK,183,0,0,114,,-1,-1
756,0,ATTACK,188,0,0,114,,-1,-1
756,0,ATTACK,199,0,0,114,,-1,-1
756,0,ATTACK,196,0,0,114,,-1,-1
756,0,ATTACK,192,0,0,114,,-1,-1
756,0,ATTACK,180,0,0,114,,-1,-1
756,0,ATTACK,187,0,0,114,,-1,-1
756,0,ATTACK,198,0,0,114,,-1,-1
756,0,ATTACK,190,0,0,114,,-1,-1
756,1,ATTACK,141,0,0,149,,-1,-1
756,1,ATTACK,62,0,0,149,,-1,-1
756,1,ATTACK,68,0,0,183,,-1,-1
756,1,ATTACK,67,0,0,149,,-1,-1
756,1,ATTACK,200,0,0,149,,-1,-1
756,1,ATTACK,143,0,0,149,,-1,-1
757,0,MOVE,145,32,22,-1,,-1,-1
757,0,ATTACK,175,0,0,114,,-1,-1
757,0,ATTACK,149,0,0,114,,-1,-1
758,0,HEAL,145,0,0,175,,-1,-1
758,1,ATTACK,197,0,0,183,,-1,-1
758,1,ATTACK,137,0,0,183,,-1,-1
758,1,ATTACK,151,0,0,183,,-1,-1
758,1,HEAL,186,0,0,114,,-1,-1
758,1,HEAL,193,0,0,114,,-1,-1
759,0,MOVE,145,31,22,-1,,-1,-1
760,1,ATTACK,72,0,0,183,,-1,-1
760,1,ATTACK,125,0,0,183,,-1,-1
760,1,ATTACK,195,0,0,183,,-1,-1
760,1,ATTACK,130,0,0,183,,-1,-1
760,1,ATTACK,136,0,0,183,,-1,-1
763,1,TRAIN,9,0,0,-1,ARCHER,-1,-1
763,1,ATTACK,141,0,0,188,,-1,-1
763,1,ATTACK,67,0,0,188,,-1,-1
763,1,ATTACK,143,0,0,188,,-1,-1
764,0,ATTACK,188,0,0,141,,-1,-1
764,0,ATTACK,199,0,0,141,,-1,-1
764,0,ATTACK,196,0,0,141,,-1,-1
764,0,ATTACK,192,0,0,141,,-1,-1
764,0,ATTACK,202,0,0,141,,-1,-1
764,0,ATTACK,187,0,0,141,,-1,-1
764,0,ATTACK,198,0,0,141,,-1,-1
764,0,ATTACK,190,0,0,141,,-1,-1
764,1,ATTACK,184,0,0,188,,-1,-1
764,1,ATTACK,68,0,0,188,,-1,-1
764,1,ATTACK,66,0,0,188,,-1,-1
764,1,ATTACK,103,0,0,188,,-1,-1
764,1,ATTACK,171,0,0,188,,-1,-1
764,1,ATTACK,127,0,0,188,,-1,-1
764,1,ATTACK,167,0,0,188,,-1,-1
765,0,ATTACK,175,0,0,141,,-1,-1
765,0,ATTACK,180,0,0,141,,-1,-1
766,1,ATTACK,62,0,0,188,,-1,-1
766,1,ATTACK,194,0,0,188,,-1,-1
766,1,ATTACK,201,0,0,188,,-1,-1
767,0,HEAL,177,0,0,175,,-1,-1
767,1,ATTACK,200,0,0,188,,-1,-1
767,1,ATTACK,137,0,0,188,,-1,-1
768,1,ATTACK,197,0,0,188,,-1,-1
768,1,ATTACK,151,0,0,188,,-1,-1
768,1,ATTACK,136,0,0,188,,-1,-1
769,0,TRAIN,6,0,0,-1,WARRIOR,-1,-1
769,0,ATTACK,203,0,0,141,,-1,-1
769,1,ATTACK,72,0,0,188,,-1,-1
769,1,ATTACK,125,0,0,188,,-1,-1
769,1,ATTACK,195,0,0,188,,-1,-1
769,1,ATTACK,130,0,0,188,,-1,-1
770,0,TRAIN,18,0,0,-1,ARCHER,-1,-1
770,0,HEAL,145,0,0,175,,-1,-1
771,1,TRAIN,9,0,0,-1,ARCHER,-1,-1
771,1,HEAL,186,0,0,141,,-1,-1
771,1,HEAL,193,0,0,141,,-1,-1
772,1,ATTACK,141,0,0,175,,-1,-1
777,0,HEAL,177,0,0,175,,-1,-1
778,0,HEAL,177,0,0,175,,-1,-1
778,0,ATTACK,205,0,0,141,,-1,-1
779,0,HEAL,177,0,0,175,,-1,-1
779,1,TRAIN,9,0,0,-1,ARCHER,-1,-1
780,0,HEAL,177,0,0,175,,-1,-1
780,0,MOVE,145,32,21,-1,,-1,-1
780,1,ATTACK,68,0,0,192,,-1,-1
780,1,ATTACK,67,0,0,192,,-1,-1
780,1,ATTACK,143,0,0,192,,-1,-1
781,0,HEAL,177,0,0,175,,-1,-1
781,1,ATTACK,184,0,0,192,,-1,-1
781,1,ATTACK,204,0,0,192,,-1,-1
781,1,ATTACK,66,0,0,192,,-1,-1
781,1,ATTACK,194,0,0,192,,-1,-1
781,1,ATTACK,103,0,0,192,,-1,-1
781,1,ATTACK,171,0,0,192,,-1,-1
781,1,ATTACK,201,0,0,192,,-1,-1
781,1,ATTACK,127,0,0,192,,-1,-1
781,1,ATTACK,167,0,0,192,,-1,-1
782,0,HEAL,177,0,0,175,,-1,-1
782,0,HEAL,145,0,0,175,,-1,-1
782,1,ATTACK,62,0,0,192,,-1,-1
782,1,ATTACK,200,0,0,192,,-1,-1
783,0,TRAIN,6,0,0,-1,WARRIOR,-1,-1
783,0,HEAL,177,0,0,192,,-1,-1
783,0,MOVE,145,33,22,-1,,-1,-1
783,0,ATTACK,207,0,0,141,,-1,-1
784,0,TRAIN,18,0,0,-1,ARCHER,-1,-1
784,1,ATTACK,197,0,0,192,,-1,-1
784,1,ATTACK,137,0,0,192,,-1,-1
784,1,ATTACK,151,0,0,192,,-1,-1
784,1,ATTACK,195,0,0,192,,-1,-1
784,1,ATTACK,136,0,0,192,,-1,-1
785,1,ATTACK,72,0,0,192,,-1,-1
785,1,ATTACK,125,0,0,192,,-1,-1
785,1,ATTACK,206,0,0,192,,-1,-1
785,1,ATTACK,130,0,0,192,,-1,-1
787,1,TRAIN,9,0,0,-1,ARCHER,-1,-1
788,0,HEAL,177,0,0,175,,-1,-1
788,1,ATTACK,184,0,0,198,,-1,-1
788,1,ATTACK,204,0,0,198,,-1,-1
788,1,ATTACK,68,0,0,198,,-1,-1
788,1,ATTACK,67,0,0,198,,-1,-1
788,1,ATTACK,195,0,0,198,,-1,-1
788,1,ATTACK,143,0,0,198,,-1,-1
789,0,HEAL,177,0,0,175,,-1,-1
789,1,ATTACK,66,0,0,198,,-1,-1
789,1,ATTACK,194,0,0,198,,-1,-1
789,1,ATTACK,103,0,0,198,,-1,-1
789,1,ATTACK,171,0,0,198,,-1,-1
789,1,ATTACK,201,0,0,198,,-1,-1
789,1,ATTACK,127,0,0,198,,-1,-1
789,1,ATTACK,167,0,0,198,,-1,-1
790,0,HEAL,177,0,0,198,,-1,-1
790,1,ATTACK,197,0,0,198,,-1,-1
790,1,ATTACK,62,0,0,198,,-1,-1
790,1,ATTACK,200,0,0,198,,-1,-1
790,1,ATTACK,137,0,0,198,,-1,-1
790,1,ATTACK,151,0,0,198,,-1,-1
791,1,ATTACK,204,0,0,175,,-1,-1
792,0,HEAL,177,0,0,175,,-1,-1
792,0,ATTACK,209,0,0,184,,-1,-1
792,1,ATTACK,184,0,0,196,,-1,-1
792,1,ATTACK,194,0,0,175,,-1,-1
792,1,ATTACK,195,0,0,187,,-1,-1
792,1,ATTACK,201,0,0,196,,-1,-1
792,1,HEAL,186,0,0,141,,-1,-1
793,0,HEAL,177,0,0,175,,-1,-1
793,1,ATTACK,68,0,0,196,,-1,-1
793,1,ATTACK,67,0,0,196,,-1,-1
793,1,ATTACK,171,0,0,196,,-1,-1
793,1,ATTACK,143,0,0,196,,-1,-1
793,1,HEAL,186,0,0,141,,-1,-1
793,1,HEAL,193,0,0,141,,-1,-1
794,0,HEAL,177,0,0,175,,-1,-1
794,0,HEAL,145,0,0,175,,-1,-1
794,1,ATTACK,66,0,0,196,,-1,-1
794,1,ATTACK,103,0,0,196,,-1,-1
794,1,ATTACK,127,0,0,196,,-1,-1
794,1,ATTACK,167,0,0,196,,-1,-1
794,1,HEAL,186,0,0,141,,-1,-1
794,1,HEAL,193,0,0,141,,-1,-1
795,0,MOVE,177,31,22,-1,,-1,-1
795,1,TRAIN,9,0,0,-1,ARCHER,-1,-1
795,1,ATTACK,197,0,0,196,,-1,-1
795,1,ATTACK,62,0,0,196,,-1,-1
795,1,ATTACK,200,0,0,196,,-1,-1
795,1,ATTACK,151,0,0,196,,-1,-1
796,1,ATTACK,137,0,0,196,,-1,-1
796,1,ATTACK,210,0,0,196,,-1,-1
797,0,TRAIN,6,0,0,-1,WARRIOR,-1,-1
797,0,ATTACK,211,0,0,171,,-1,-1
797,1,ATTACK,208,0,0,196,,-1,-1
797,1,ATTACK,136,0,0,196,,-1,-1
797,0,TRAIN,18,0,0,-1,ARCHER,-1,-1
798,1,ATTACK,72,0,0,196,,-1,-1
798,1,ATTACK,125,0,0,196,,-1,-1
798,1,ATTACK,206,0,0,196,,-1,-1
798,1,ATTACK,130,0,0,196,,-1,-1
799,1,HEAL,186,0,0,141,,-1,-1
799,1,HEAL,193,0,0,141,,-1,-1
